:020000040000fa
:04005c00600300003d
:020000040000fa
:040010006003000089
:020000040000fa
:04025c00600300003b
:020000040000fa
:040210006003000087
:020000040000fa
:040274006003000023
:020000040000fa
:040334006003000062
:020000040000fa
:040270006003000027
:020000040000fa
:04022c00600300006b
:020000040000fa
:04023c00600300005b
:020000040000fa
:0402bc0060030000db
:020000040000fa
:0402c00060030000d7
:020000040000fa
:0402c40060030000d3
:020000040000fa
:04022800600300006f
:020000040000fa
:04027800600300001f
:020000040000fa
:04029c0060030000fb
:020000040000fa
:040260006003000037
:020000040000fa
:040264006003000033
:020000040000fa
:04027c00600300001b
:020000040000fa
:040280006003000017
:020000040000fa
:040284006003000013
:020000040000fa
:04028800600300000f
:020000040000fa
:0402b00060030000e7
:020000040000fa
:0402b40060030000e3
:020000040000fa
:0402b80060030000df
:020000040000fa
:04023800600300005f
:020000040000fa
:0402c80060030000cf
:020000040000fa
:0402d00060030000c7
:020000040000fa
:0402d40060030000c3
:020000040000fa
:0402d80060030000bf
:020000040000fa
:0402e00060030000b7
:020000040000fa
:0402e40060030000b3
:020000040000fa
:0402e80060030000af
:020000040000fa
:0402f40060030000a3
:020000040000fa
:0402f800600300009f
:020000040000fa
:0402fc00600300009b
:020000040000fa
:040300006003000096
:020000040000fa
:040304006003000092
:020000040000fa
:04030800600300008e
:020000040000fa
:04030c00600300008a
:020000040000fa
:040310006003000086
:020000040000fa
:040314006003000082
:020000040000fa
:04031800600300007e
:020000040000fa
:04031c00600300007a
:020000040000fa
:040324006003000072
:020000040000fa
:04032800600300006e
:020000040000fa
:04033800600300005e
:020000040000fa
:04033c00600300005a
:020000040000fa
:040340006003000056
:020000040000fa
:040344006003000052
:020000040000fa
:04034800600300004e
:020000040000fa
:04026c00600300002b
:020000040000fa
:0402f0003a030000cd
:020000040000fa
:04021800600300007f
:020000040000fa
:040230006003000067
:020000040000fa
:040240006003000057
:020000040000fa
:04028c00600300000b
:020000040000fa
:040290006003000007
:020000040000fa
:0402cc0060030000cb
:020000040000fa
:04020c00600300008b
:020000040000fa
:0402dc0060030000bb
:020000040000fa
:040320006003000076
:020000040000fa
:04020800600300008f
:020000040000fa
:04021c00600300007b
:020000040000fa
:040220006003000077
:020000040000fa
:040224006003000073
:020000040000fa
:04026800600300002f
:020000040000fa
:0402ec0014030000f7
:020000040000fa
:04024c00600300004b
:020000040000fa
:040250006003000047
:020000040000fa
:0402a80060030000ef
:020000040000fa
:0402ac0060030000eb
:020000040000fa
:040214006003000083
:020000040000fa
:040234006003000063
:020000040000fa
:040244006003000053
:020000040000fa
:04024800600300004f
:020000040000fa
:04029400ec02000078
:020000040000fa
:0402980060030000ff
:020000040000fa
:04032c00600300006a
:020000040000fa
:040254006003000043
:020000040000fa
:04025800600300003f
:020000040000fa
:040330006003000066
:020000040000fa
:0402a00060030000f7
:020000040000fa
:0402a40060030000f3
:020000040000fa
:040074006003000025
:020000040000fa
:040134006003000064
:020000040000fa
:040070006003000029
:020000040000fa
:04002c00600300006d
:020000040000fa
:04003c00600300005d
:020000040000fa
:0400bc0060030000dd
:020000040000fa
:0400c00060030000d9
:020000040000fa
:0400c40060030000d5
:020000040000fa
:040028006003000071
:020000040000fa
:040078006003000021
:020000040000fa
:04009c0060030000fd
:020000040000fa
:040060006003000039
:020000040000fa
:040064006003000035
:020000040000fa
:04007c00600300001d
:020000040000fa
:040080006003000019
:020000040000fa
:040084006003000015
:020000040000fa
:040088006003000011
:020000040000fa
:0400b00060030000e9
:020000040000fa
:0400b40060030000e5
:020000040000fa
:0400b80060030000e1
:020000040000fa
:040038006003000061
:020000040000fa
:0400c80060030000d1
:020000040000fa
:0400d00060030000c9
:020000040000fa
:0400d40060030000c5
:020000040000fa
:0400d80060030000c1
:020000040000fa
:0400e00060030000b9
:020000040000fa
:0400e40060030000b5
:020000040000fa
:0400e80060030000b1
:020000040000fa
:0400f40060030000a5
:020000040000fa
:0400f80060030000a1
:020000040000fa
:0400fc00600300009d
:020000040000fa
:040100006003000098
:020000040000fa
:040104006003000094
:020000040000fa
:040108006003000090
:020000040000fa
:04010c00600300008c
:020000040000fa
:040110006003000088
:020000040000fa
:040114006003000084
:020000040000fa
:040118006003000080
:020000040000fa
:04011c00600300007c
:020000040000fa
:040124006003000074
:020000040000fa
:040128006003000070
:020000040000fa
:040138006003000060
:020000040000fa
:04013c00600300005c
:020000040000fa
:040140006003000058
:020000040000fa
:040144006003000054
:020000040000fa
:040148006003000050
:020000040000fa
:04006c00600300002d
:020000040000fa
:040018006003000081
:020000040000fa
:040030006003000069
:020000040000fa
:040040006003000059
:020000040000fa
:04008c00600300000d
:020000040000fa
:040090006003000009
:020000040000fa
:0400cc0060030000cd
:020000040000fa
:04000c00600300008d
:020000040000fa
:0400dc0060030000bd
:020000040000fa
:040120006003000078
:020000040000fa
:040008006003000091
:020000040000fa
:04001c00600300007d
:020000040000fa
:040020006003000079
:020000040000fa
:040024006003000075
:020000040000fa
:040068006003000031
:020000040000fa
:04004c00600300004d
:020000040000fa
:040050006003000049
:020000040000fa
:0400a80060030000f1
:020000040000fa
:0400ac0060030000ed
:020000040000fa
:040014006003000085
:020000040000fa
:040034006003000065
:020000040000fa
:040044006003000055
:020000040000fa
:040048006003000051
:020000040000fa
:040098006003000001
:020000040000fa
:04012c00600300006c
:020000040000fa
:040054006003000045
:020000040000fa
:040058006003000041
:020000040000fa
:040130006003000068
:020000040000fa
:0400a00060030000f9
:020000040000fa
:0400a40060030000f5
:020000040000fa
:080000000002040000000000f2
:020000040000fa
:100400004f1921000e7f22000e018800000000001d
:10041000000020000000e000020032000001200087
:100420002002880014000700a70007000000e00079
:1004300003003a00c0ad2600010020000200370092
:100440000000200001002000810f70000100320038
:1004500014000700000020000000e000020032004d
:1004600000000200000000001c6e020000000000fe
:100470000040da000000fe004440a9002087200070
:100480000000e0000300320000002000a00188000e
:100490004440a800000006008a1f78008b1f7800e7
:1004a0000000060091018800800478000000eb0045
:1004b0001a003700e284440032a0b4009905ba0063
:1004c000e284440032a0b4009906ba00e2844400f9
:1004d00032a0b4000006eb00476fde00fd07b2005b
:1004e000636ce10003003a00ebff07000000eb0043
:1004f0000a003700606ce10004003a00005deb0088
:100500008b05e900fdff3e00040037006168e10053
:10051000010032000086eb000b00070019c7ba008b
:100520001905ba000e04e00003003a000a00e000da
:10053000e0ff3a0000000600fe07b2009e018800be
:100540008a047800f5ff3700395dba008b05e900b1
:100550000c003200295dba008b05e900080032006a
:100560000c00e00003003a00e284440032a0b40032
:10057000f5ff370019ddba008b05e900faff3a00f4
:100580008904e800e184440032a0b40000000600c1
:10059000000000000000000000000000000000005b
:1005a000000000000000000000000000000000004b
:1005b000000000000000000000000000000000003b
:1005c000000000000000000000000000000000002b
:1005d00000000000000000003600f800809fbe0010
:1005e000829fbe00849fbe00869fbe003400f8003c
:1005f00000002000a00188000000fa008760a90028
:1006000040418000000001000080fa003400f90041
:100610004f03be004f02be004f01be004f00be00a0
:100620003600f900004006003600f800809fbe004a
:10063000829fbe00849fbe00869fbe003400f800eb
:1006400000002000a00188000000fa008a20a90014
:10065000282f07000080fa003400f9004f03be0085
:100660004f02be004f01be004f00be003600f90031
:10067000004006003600f800809fbe00829fbe004a
:10068000849fbe00869fbe003400f800000020005a
:10069000a00188000000fa008a40a900352f070059
:1006a0000080fa003400f9004f03be004f02be0084
:1006b0004f01be004f00be003600f90000400600aa
:1006c0000040da000000fe000000050014002000d9
:1006d000380537000003be00910007006011b80024
:1006e0000470a70007f0a10007f8a30017003a0064
:1006f0006509b1000d0032000d00350086022000b2
:100700000628e10003003500030028006000b8005f
:1007100002000500000040008180480002014900fd
:10072000838149008502e900faff3a0000000600d3
:10073000f88f4200050034008100d1000080d30012
:100740008502e800fcff3a00000006006011b800d6
:100750008000eb00000005000001be0070000700f3
:100760000470a70003f0a10003f8a30013003a00ef
:100770006509b10010003200090035006928e10068
:1007800002003500010028000000050000004000c4
:10079000818048008502e900fcff3a000000060065
:1007a000f88f4200050035008100d1000080d300a1
:1007b0008502e800fcff3a00000006008000eb0024
:1007c00000000500889fbe008a9fbe000082700066
:1007d0000402710004827100260032000004be0091
:1007e0000200be006011b8006b09200095022000d5
:1007f0000182cf000a0039000541b1000082cf001c
:10080000070039000541b1000982cf00040039001a
:100810000541b1000882cf00010039000541b10057
:1008200005425200120032000a003b008281710032
:10083000610164008100d1000080d3008984d3006d
:100840000884d3008b05e8000442e800f7ff3a0073
:10085000070037000804440089844c000000480069
:10086000818048008b05e9000442e900f9ff3a0065
:10087000050007004f05be004f04be000000060043
:100880006011b800cfff3700810020006180550063
:100890000b003d000b00200061fe2f000100e10075
:1008a0001d00340082817100610164008904d1005f
:1008b0000884d3000000e800faff3a00710020002d
:1008c0006100640003007000020060000900320053
:1008d00061044400e0844c000988a5000500320052
:1008e0008b05e8006808e10002003a008904d100a5
:1008f0000884d300f20f20000258e10005003d00fb
:10090000c75ddd00f907b200898075000800780036
:10091000000006000bf827008b007800000005009f
:10092000c70ade00f107b200f50fb200080032007e
:10093000e1cf4200020032000170a0002400050057
:10094000810f70000100320004080500440005001a
:10095000810f700002003a00140005008502e900d2
:100960000000400081c04800fcff3b000170a00077
:10097000240005006022b800060220000000d0001c
:100980008180d2000482d2008582d2000000a000c3
:100990000202520083825a00030031000202420028
:1009a00083824a000000a1000603e900f3ff3a0039
:1009b0000000060007f82700078361000638e10001
:1009c00004003a00f7072000878361008703710065
:1009d00001003a0003f0a200889fbe008a9fbe007b
:1009e0008c9fbe00470ade000480a100c71ade000b
:1009f0000580a10007002800078560008785610049
:100a0000f70f20000720e1009e0032000728e100d8
:100a10009c003200010678000400e000b4003200bf
:100a2000f7072000878060000170a0000500e0004b
:100a3000c0003200f7072000878161000370a0002a
:100a4000050652000f003a000b50e1000b00320087
:100a50000308e10002003a000200e1007e003200db
:100a60000204500083845800040031000001fd009e
:100a70008101fd008402fd008a05fd006044b8008c
:100a8000210037000520e10005003d000001fd00c8
:100a90008101fd008402fd008a05fd00050652006b
:100aa0007a60e100050035000170a1004722dd00f9
:100ab000848070008a807000630037006044b80052
:100ac000ef02660007ff2f00070666000500e00042
:100ad00006003400f08312008714dd000511de00eb
:100ae000071bdd00060171008519de007060e10062
:100af00005003500090478008204780003017800bd
:100b00008001eb00700656000b50e10003003a0034
:100b10000200400083804800040037006004140095
:100b2000e0841c0002005800838058000188a30064
:100b3000060032008100d1000080d3008984d300f8
:100b40000884d3000402e800270037000178a300de
:100b500025003a000100e000030032008186cf004a
:100b6000698656000a0037008c0020000000e00073
:100b700004003a0009007800880478000004eb00c3
:100b8000700252008086cf000d0646000c06e90078
:100b90007060e100060035008000780009007800f0
:100ba000880478000004eb007006560070025200c2
:100bb0000c00e0000c0034008c08dd00f00316008f
:100bc0000703de00868070000c00dd00074bde00ae
:100bd000060070008c4cdd000743de008684740044
:100be0000c44dd000c0252006120e10020003500c1
:100bf000610160000700280087816400f7ff27007b
:100c000087836400070374000300e00006003200dd
:100c100082037300040032000000e800e080480016
:100c20000188a3000e003a00f70f20000720e10022
:100c30004a003d000170a1004722dd0081007200e2
:100c40008a8070000000be004f06be004f05be0047
:100c50004f04be00000006006000b800faff370035
:100c60008100d1000080d3000402e800eeff3700cd
:100c70000401780089017400a10107008a807000d6
:100c8000f1ff3700f7010700070278000001fd00bf
:100c90008101fd00f30107008702780085037200df
:100ca0000778a300040032000001fd008101fd006f
:100cb00006020700e4ff3700850362000768a3000f
:100cc000080032000b50e10003003200f0ff2f005b
:100cd000f1ff2700dcff37000001fd008101fd006e
:100ce000d9ff37000468a300d7ff3200faff3700ae
:100cf000f8ff2700888360000b003a000000e00046
:100d000009003a008303640082837300020032000a
:100d10000200be00ccff37000b50e100ceff3a00ce
:100d20000200be00c8ff37001400200081006400ec
:100d30003eff3700f8ff27008883610004003a0077
:100d40000200e00002003a008c007800beff37008d
:100d5000150020008301640039ff370001f82700e7
:100d60000000200081007500b7ff3700889fbe009b
:100d70008a9fbe008c9fbe001b0020000202be00a6
:100d80000586680006002800060666004709de00a2
:100d9000f20fb200820032000243e800800032000d
:100da000c729de00f30fb2007d0032000343e800e4
:100db0007b003200f107b2000170a000f507b2001d
:100dc0000570a000c708dd004903de0086807000c2
:100dd0004700dd00c72add004923de00868272005d
:100de0004722dd00030551000403500085835800ad
:100df0000300310000004000818048000a05e9003e
:100e00008c1f78008a9fbe00040050008580580027
:100e10000402420085824a000000400081804800b0
:100e20000005eb000004be006033b8000406be00fd
:100e30000d48e10056003100110009004dccd800ea
:100e40000c01b8000d02b8008481410060824a00a4
:100e50008283530003045c0084845c0060055d00b1
:100e60000a00e00025003a00800578000d40e1000e
:100e7000490031008800780007007800110009005f
:100e80004d88d8000c01b8000d02b80084814100e3
:100e900060824a006003110083835b0004045c00ed
:100ea000e0845c000900e00021003a004f01be0030
:100eb0000300e0002b003200e3016000070673002e
:100ec0008c81710001003200640070004200de007d
:100ed0004e5edd000c007000c258de0001e0a00094
:100ee00083010700cf017800818071004f06be00aa
:100ef0004f05be004f04be00000006008c83430077
:100f00000d044c00e0844c0060054d000000e90039
:100f10000a00e000d4ff32008c8343000d044c0033
:100f2000e0844c0060054d000000e900ceff370072
:100f30000c0343008d834b0060044c00e0844c00a4
:100f40000000e9000900e000d8ff32000c03430074
:100f50008d834b0060044c00e0844c000000e900ed
:100f6000d2ff37004200de004e5edd000c00700054
:100f7000c258de0001e0a000cf0178000300e000cd
:100f8000daff320060001000e0801800d7ff370061
:100f9000f0ff2f00aaff3700f0ff2f00b9ff370046
:100fa0000404be002f010700870678000004fd003e
:100fb0008104fd002b010700078366000678a3006b
:100fc000030032000960a7000800be002c003700b3
:100fd0000d78a300020032000800be002800370090
:100fe0000778a30026003a0001f0a10009f0a10053
:100ff0000668a30003003200f1ff2700f0ff2f0076
:10100000baff37000d68a300030032000800be00dd
:101010008c807000b5ff37000768a30007003a0016
:101020000648a30003003200f1ff2700f0ff2f0065
:10103000aeff37000d48a300030032006000b80087
:101040008c807000a9ff37000748a300040032001d
:1010500001f82700000020008c807000a3ff3700fb
:10106000760107000004fd008104fd000205780000
:10107000720107000802be008a01780059ff37009c
:101080000160a000120220007241880097ff370023
:101090000100e000120032000500e0001000320004
:1010a000889fbe008a9fbe008c9fbe000006eb009a
:1010b00001f8a3000300320060001000e080180077
:1010c0000cf0a00005f8a30003003200600212003b
:1010d000e0821a000cf0a2008005eb0041ff37000f
:1010e0006000b800020005000383680007002800c4
:1010f00007036300470ade000480a100c71ade0070
:101100000580a100f70f20000720e1004200320017
:101110000728e10040003200889fbe008a9fbe0081
:101120008c1f7800f107b200f307b2000400e00062
:10113000640032000170a0000500e0006800320089
:101140000370a00085054200eb07b1000204b8005f
:101150000302b8008484440060854a00020ab80093
:10116000848444000a854a00030ab8000405450047
:10117000040033000804d0008984d2000a85d2001c
:101180008b05e9006158e1003d00350002102000a8
:10119000090161000308200089816100f707200030
:1011a0008783640008867300c84cde00c853dd00e6
:1011b000878474004855de000300e000060032001a
:1011c00082037600040032008904e80060054d00c7
:1011d0000a88a3000c003a00f70f20000758e1002e
:1011e00044003d000a70a100c75ddd000a8575005e
:1011f0008a007300090078004f0678004f05be0092
:101200004f04be00000006000a05d1008984d30007
:101210008b05e800f0ff3700881f7800060478008f
:1012200090000700070278000001fd008101fd0029
:101230008c00070087027800850372000778a300fe
:10124000050032000001fd008101fd009f00070044
:101250004f04780000000600850372000748a300d1
:1012600003003200f0ff2f00f1ff2700f8ff3700e6
:101270000000200001f8270088807000f4ff37008c
:10128000880178004848dd00808171004848de0010
:10129000c850dd0001007000c850de000604780070
:1012a0000b0178001600070088807000d2ff37001d
:1012b0000500e00005003200170020003a0007009a
:1012c0009dff370081037000f9ff3a008600780027
:1012d0004f0678004f05be004f04be000000050019
:1012e00083037100f9ff3200270020002e00070061
:1012f00094ff370001f8270086807000f4ff370064
:101300000100e00026003200610111007810e100c8
:1013100023003c006022b8007010e100040035009a
:1013200080027800010078008000eb00700151001d
:101330000200e0000900340070031100062add00fd
:10134000822ade008603dd00878272000200de0052
:10135000860bdd00070070008208de0084817100ca
:10136000f4ff2700048262008481710004002800d9
:10137000848262006102600005f0a60000000600a1
:1013800004827100070032000000e800e08048009d
:10139000000006000002be006000b800efff37004a
:1013a0006000b80000000600889fbe000004eb004b
:1013b0006138e10016003a000100e00008003a0040
:1013c000c800de004800dd00880020000100e000c9
:1013d00003003a00c800de004800dd006804440055
:1013e0008184cf00e9845400060034008908dd00c0
:1013f000f08314008703de00878070000900dd00a1
:1014000009044400610214004f04be0000000600fd
:101410000300e00008003a00c811de004811dd00ba
:10142000880020000300e00003003a00c811de003d
:101430004811dd00680444008384cf00e98454002f
:10144000060034008919dd00f08314008713de00e4
:10145000878171000911dd0009044400e1021400d4
:10146000e9ff37002700200001f0a7001700200047
:10147000470bde00f60fb200040032000643e8001e
:101480000a0032004702b3000000060001037800a2
:10149000f607b2000603700002003a000703b3002b
:1014a000000006008702b300000006000103780078
:1014b000f607b20006037000020032000770a000b9
:1014c000000006000760a000000006000478a300ea
:1014d000040032000578a300030032000168a30075
:1014e00001003a000200be000160a00000000600fa
:1014f00081017000270032008002eb0001f8a30098
:101500000300320060001000e08018001500200089
:10151000f40720000202420020003400f7032000fc
:101520008703600006042000000363000208200017
:10153000000161004700de00c909dd000080710084
:10154000c708de000600e0000800320087037100d3
:10155000060032001000b0000180b0000188a30036
:1015600002003200c108de000402e800f107b20008
:10157000f30f20000320e10003003d004722dd00bf
:10158000810072002900370001f827000000eb00fd
:10159000260037006000b800000006006802120054
:1015a0007f20e100020034006000b8001f00370017
:1015b0006011b8007020e10004003500800178005f
:1015c000010078008000eb00700252000400e0008f
:1015d00009003400f00312000719dd008419de0051
:1015e0000703dd00868171000400de00070bdd00cb
:1015f000060070008408de00f7ff27008383630085
:10160000870371000600280003036300070032000f
:101610000700e00003003a006101600002817300ee
:10162000020032001000b0000180b0000500a600ea
:101630000000060001f0a000000006004f0ade00d6
:101640004709de00f107b200f20fb2000b003200d2
:10165000f207b1000170a000c708dd00c901de007b
:10166000838070004700dd000400a6000000060033
:1016700060001000e080180000000600810f70007c
:1016800001003a00000006008182cf000500e00062
:1016900010003e008082cf00ee8242007028e10000
:1016a0000400390007003e00800078000000eb00d5
:1016b0000e003700708312008600de000500dd009a
:1016c0000a003700708352008600dd000000eb0046
:1016d00006003700e28252008508dd0070831200a8
:1016e0000603de00868070000500dd007507b0008f
:1016f0000501ea000400a6000000060060001000da
:10170000e080180000000600889fbe008a9fbe008f
:1017100030044200b0844a0030054b0090854b00f5
:101720006000b1000898be000a90be000440e100cd
:1017300005c8e10006d0e10007d8e1000200310051
:10174000680040001008e8004f05be004f04be00ce
:1017500000000600889fbe008a9fbe003004be00c5
:101760002005be000418540005985c0006185d00b2
:1017700007985d00110020000440e10005c8e10069
:1017800006d0e10007d8e100010039008000eb003d
:10179000108810004f05be004f04be000000060078
:1017a0001200fa00889fbe008a9fbe008c9fbe0078
:1017b000e0b79f00f1b79f0082bf9f0093bf9f00db
:1017c0000605be000404be000000eb00d0b79f0079
:1017d000c0b79f00b0b79f00a0b79f0090b79f0011
:1017e000000678005fb19700cfb0970082014100fa
:1017f0003fb097000200e00004003d003700070002
:101800007e805700c0ff0700030037003300070049
:101810007e805700cfff0700dfb697000d00e00085
:101820000c0035006fb29700ffb297000fbb970016
:101830009fbb970010002000010020006011b8003d
:1018400000027200818272000203730083837300be
:101850001b0007000c06e80001042000810f560061
:10186000e0ff3a000d00e00004003d000802be0069
:101870000a03be007e805700a3ff07005fa8970001
:101880000000e00005003a001fb29700afb29700d9
:101890003fb39700cfb39700090007006fb09700e0
:1018a000ffb097000fb997009fb997004f06be0091
:1018b0004f05be004f04be000080fa000000060085
:1018c0000100070000000600a4b79f00b5b79f0005
:1018d000c6b79f00d7b79f00000006004f09de0083
:1018e00082817100b3b79f004f01de00818040000c
:1018f00082807000a1b79f008fb097004f09de0073
:10190000000040000200700090b79f007fa8970081
:101910004f01de00818040008280700081b79f000f
:101920000d0007004f3ade00000040000400700088
:10193000f0af9f00080007000402420085824a00c1
:1019400006034b0087834b00dfff07000802be0041
:101950000a03be00000006002fb29700bfb2970036
:101960004fb39700dfb3970000000600881f780090
:1019700018002000881f780089ff07008f87e90082
:101980004f04780000000600801feb0084ff070072
:101990008f87e90000000600889fbe008a9fbe0076
:1019a000e00f5000e08f5800e00f5900e08f590021
:1019b0000c003d006044b8006055b80000005400c1
:1019c00081805c0002015d0083815d0018002000c1
:1019d0001500070008003d00180007000004eb0098
:1019e000050037000004eb000f00070002003d0077
:1019f0001200070018002000dcff07000800e000cc
:101a0000060032006022b8006033b80000005200c7
:101a100081805a0002015b0083815b004f05be009c
:101a20004f04be0000000600e00f5200e08f5a0095
:101a3000e00f5b00e08f5b00000006006044b80030
:101a40006055b8000402540085825c0006035d0006
:101a500087835d0000000600889fbe008a9fbe004d
:101a60008c1f7800e00f5000e08f5800e00f590005
:101a7000e08f59000d003d006044b8006055b8008b
:101a80000000540081805c0002015d0083815d00e4
:101a90001c0020000820e10009a8e1000ab0e100d4
:101aa0000bb8e1000d003d00080037000006eb0018
:101ab000e00f5200e08f5a00e00f5b00e08f5b0008
:101ac00006003d006044b8006055b80004025400b0
:101ad00085825c0006035d0087835d00aaff070026
:101ae0000c00e000060032006022b8006033b8004d
:101af0000000520081805a0002015b0083815b007c
:101b00004f0678004f05be004f04be0000000600df
:101b1000889fbe008a9fbe008c1f78000006eb00e5
:101b2000e00f5000e08f5800e00f5900e08f59009f
:101b300007003d006044b8006055b8000000540044
:101b400081805c0002015d0083815d001c0020003b
:101b5000e00f5200e08f5a00e00f5b00e08f5b0067
:101b600007003d006044b8006055b800040254000e
:101b700085825c0006035d0087835d000c00a20087
:101b80002f0007000c00e000060032006022b800c1
:101b90006033b8000000520081805a0002015b00ef
:101ba00083815b004f0678004f05be004f04be00e6
:101bb00000000600889fbe008a9fbe00841f780038
:101bc000170007004f00780011003300f0ff2f00ce
:101bd000838f6c0006003b00040565000a00a70027
:101be0000800370009f0a6001000200008003700a8
:101bf000820f5400838f5c00030039001000200026
:101c000001003e000000200009f0a7000000ea00eb
:101c10004f05be004f04be000000e00000000600bb
:101c20000004be003efb07000003be000405be002a
:101c30000200be003afb0700844f7500000006005a
:101c4000889fbe008a9fbe008c9fbe000404b8001f
:101c50000506b8008904460060854e000606b800f7
:101c60000a054600e0854e000706b8008b054600d1
:101c7000040eb800890446000a854e00e0854d0038
:101c8000050eb8000a0546008b854e00060eb8000a
:101c90008b0546000416b8000a0546008b854e00e9
:101ca0000516b8008b054600041eb8008b054600db
:101cb0000800be000a01be004f06be004f05be0070
:101cc0004f04be00000006008000eb004e0137000c
:101cd000800078001000200002022000828f500057
:101ce00004003200e9805000e48f5000010036000b
:101cf0000000eb0000000600889fbe008a1f7800ed
:101d0000000578000a047800984478000805e80087
:101d10000900fb00eeff07000000e000f9ff3a00b9
:101d2000b0c2b30080cf540005003200d0c2b3006f
:101d30008000eb0080cf540005003a00020037001d
:101d40008000eb0001003700110020000804e800cb
:101d50000000eb00030037006a02b90002005200e5
:101d60000003b0003801fb0003fd2f008281410019
:101d7000e98f5100f8ff36000100e00001003a0051
:101d80000000ea004f0578004f04be000000060086
:101d9000800078001000200002022000828f500096
:101da00004003200e9805000e48f5000010036004a
:101db0000000eb0000000600889fbe008a9fbe0066
:101dc000000578008a047800194478000905e800c5
:101dd0000800fb00eeff07000000e000f9ff3a00fa
:101de000b0c2b300804f540004003200d0c2b30030
:101df000804f540006003a00020037000004eb0058
:101e000001003700180020008904e80001003700b5
:101e10000004eb006000b80006003700a2002000bc
:101e20000300200011160700cfd5de000a00500085
:101e30008b8058003905fb000a03b100e90f5500fb
:101e4000f6ff36000800e00002003a0060001000d3
:101e5000e08018004f05be004f04be0000000600e1
:101e6000800078001000200002022000828f5000c5
:101e700004003200e9805000e48f50000100360079
:101e80000000eb0000000600889fbe008a1f78005b
:101e900080047800090578001a4478008a04e80074
:101ea0000800fb00eeff07000000e000f9ff3a0029
:101eb000b0c2b300804f540004003200d0c2b3005f
:101ec000804f540006003a00020037000004eb0087
:101ed00001003700180020000a05e8000100370063
:101ee0000004eb006000b8006011b8000900370082
:101ef000a4002000050020006033b80004ff0700a4
:101f00004fcade00090050008480580004015900c7
:101f100084815900ba04fb000903b100e98f540021
:101f2000f3ff36000800e00006003a006022b80027
:101f30006033b8000000520081805a0002015b004b
:101f400083815b004f0578004f04be00000006004f
:101f5000889fbe008a9fbe00800478000200e000d7
:101f60005b00320001407800814c7800828144009f
:101f7000f1f99f00e20f510055003600914498009e
:101f8000a1449800e1f99f00d1f99f00e60f5100ac
:101f90004f003600b1449800c1f99f00e80f51008e
:101fa0004b0036000905ea00630565000a84440019
:101fb0000a055100c1ff2f00010565000080fb00ec
:101fc0008000eb001210200013102000a71507005e
:101fd000008cbe000a01440060b99f0071b99f00e7
:101fe000e80f55003a0036002004980031049800ac
:101ff000400498005104980020b99f0031b99f0017
:1020000040b99f0051b99f00f80f550030003600cd
:102010006004980071049800000c9800110c98005e
:10202000200c9800310c9800400c9800510c98003e
:1020300020b19f0031b19f0040b19f0051b19f007e
:1020400060b19f0071b19f0000b99f0011b99f005e
:102050006401640078014100020444000205550057
:102060006011b8000203be000002be000403be00ff
:102070006022b800000072008180720002017300cb
:102080008381730010003700009cbe000294be00e4
:10209000400498005104980062049800730498006a
:1020a000000c9800110c9800220c9800330c98003a
:1020b000400c9800510c9800620c9800730c98002a
:1020c0000a02b1000802b000ff0f5500eeff3e000b
:1020d000090078004f05be004f04be000000060056
:1020e0000000fa00e88157004fb997004b00070045
:1020f0000080fa00000006008001eb000200e00012
:10210000100032000002780001037800b44178002a
:102110000304e00008003200b14278000504e0004a
:102120000500320082034000848f53000200320019
:1021300085cf5100f4ff32008381fb001680fb0045
:102140008081510003007800000006003c00fa0086
:10215000889fbe008a9fbe000004be000205780072
:102160000f0078004004b1001d0009000018eb00ca
:1021700088a79f00d8af9f000080eb00e0af9f00d2
:102180006022b8006033b800c0fb2f000f00400091
:102190003d090700120020008a007800c0fb2f00d4
:1021a0000f004000220807006fb29700ffb29700af
:1021b0000fbb97009fbb9700dfad97000fa597005f
:1021c0000900e000090032000a855500cfd5de0085
:1021d0000402450085824d0006834d0087834d0033
:1021e0000100320004044400880c78004f05be0052
:1021f0004f04be000080fa00000006000001eb0062
:10220000d2ff0700eb14370012002000cfff0700b9
:10221000e814370022002000ccff37000f04b00084
:102220008e1f780002027800030178000000e000b1
:102230000200320000077800020037000efc2f0079
:102240000f0747008002eb000100e00001003200b0
:102250008102e9000f007800e003b1001d000900d1
:102260000018eb000080eb0090a79f0023102000d7
:10227000a3a79f00bea79f00c1a79f00d5a79f004f
:102280000100e00003003d00b1042000818c8800c3
:1022900007003700004feb00fea79f00eea79f004e
:1022a0008400780020fc2f000f004000b3090700d5
:1022b0004f0778000f04b10000000600800078008e
:1022c0001000200002022000828f50000400320023
:1022d000e9805000e48f5000010036000000eb0060
:1022e000000006000800fa00889fbe008a9fbe001a
:1022f000000478008105780078089000b8109000fc
:10230000810f500003003100b084fb00700c980076
:1023100003003700080078000009070080047800f7
:10232000b0022000808f5400040032000005eb0052
:10233000d0022000808f54001b003a00d982b200e6
:1023400009f0a7008904ea008904e9004f4dde0086
:1023500078089000b8109000810f50000300310001
:10236000b084fb00700c9800030037000800780070
:10237000ea0807008004780000fd2f0009004000f3
:10238000e90f5000080036000b00e00006003200a4
:10239000381090000000e000030032007808900040
:1023a0000000e900700c980000fd2f0009004000bb
:1023b0008005eb00e90f5000130036003810900044
:1023c0000000e00072003200780890000000e90090
:1023d000700c98006e0037006a59b9008205400001
:1023e00078089000b8109000810f50000300310071
:1023f000b084fb00700c98000300370008007800e0
:10240000c60807008004780000fd2f000900400086
:10241000e90f500003003e00b1cc2000818f550031
:10242000edff3400615ab900612bb90084bf9f00f1
:1024300095bf9f00a6bf9f00b7bf9f001f0037003a
:10244000a4002000050020006033b8000fb89700fa
:102450009fb897002fb99700bfb99700acfd070050
:10246000cfcdde000082440081824d0002834d000a
:1024700083834d000403b1000580b1000680b100e4
:102480000780b10084bf9f0095bf9f00a6bf9f003b
:10249000b7bf9f0078089000b8109000810f5000df
:1024a00003003100b084fb00700c9800030037007b
:1024b00008007800990807008004780000fd2f00cc
:1024c00009004000e90f500017003e00d07a2400b8
:1024d00011ae270042e12a00731420000fba9700c2
:1024e0009fba97002fbb9700bfbb97000020e10069
:1024f00001a8e10002b0e10003b8e100d0ff340020
:102500000900370078089000810f50000300310067
:10251000b084fb00700c98000300370008007800be
:102520007e080700800478000903b100b81090000d
:10253000e98f5400f3ff36000100e0000300320091
:10254000780890000000e900700c98000a00e00094
:10255000160032006000b8006011b8000fba970092
:102560009fba97002fbb9700bfbb97000402500093
:1025700085825800060359008783590084bf9f0055
:1025800095bf9f00a6bf9f00b7bf9f000700370001
:102590006000b800020020000300280080bf9f00f8
:1025a00091bf9f00a2bf9f00b3bf9f000fb89700cd
:1025b0009fb897002fb99700bfb997004f05be008d
:1025c0004f04be000080fa00000006000f04b000b7
:1025d000889fbe008a9fbe008c9fbe008e1f780021
:1025e00000067800b1a79f00c29f9f00a3a79f008d
:1025f000b49f9f00fc0890003c109000808f50001a
:10260000040031003180fb00710e98000007eb00e0
:102610000d0037000c00780040080700fbff370072
:10262000fc0890003c109000808f500003003100a7
:102630003180fb00710e9800020037000c0078001a
:10264000360807001e00200001032000810f500003
:10265000f3ff32006022b8006033b80094af9f00ef
:10266000a5af9f00b6af9f00c7af9f008002eb00f1
:1026700095a79f00e1022000810f500023003a003f
:10268000fc0890003c109000808f50000500310045
:102690003180fb00710e98006044b8006055b800ae
:1026a000110037000c0078001c080700faff370003
:1026b000fc0890003c109000808f50000300310017
:1026c0003180fb00710e9800020037000c0078008a
:1026d0001208070061045400e0845c0060055d009e
:1026e000e0855d001e00200001032000810f5000e6
:1026f000efff320098af9f00a9af9f00baaf9f00d5
:10270000cbaf9f001500200095a79f006022b80066
:102710006033b800d4af9f00e5af9f00f6af9f00d5
:1027200087b79f008002eb00a59f9f006022b80042
:102730000600200007ff2300d49f9f00e59f9f0015
:10274000f69f9f0087a79f006044b8006055b800bf
:102750006033b800f6a79f0087af9f008400370062
:10276000e1022000810f50000e003a009fa3970065
:102770000700e0008b003a005fa89700efa89700e1
:102780007fa997008fb1970090af9f00a1af9f00e6
:10279000b2af9f00c3af9f001100200091a79f0020
:1027a0006a00370091032000810f500003003400bd
:1027b0000050a0009dfa2f00808646007000200087
:1027c000010020006011b8005faa9700efaa9700ef
:1027d0007fab97008fb397000020e10001a8e100d4
:1027e00002b0e10003b8e1000c003c007fa39700b9
:1027f0008fab97004438dd00cc30de0081007000e4
:102800004430dd004feade000081460081014a00cd
:10281000f2a79f0083af9f003f003700d000200049
:10282000010020006011b8005faa9700efaa97008e
:102830007fab97008fb397000020e10001a8e10073
:1028400002b0e10003b8e1001d003c006022b800c6
:102850000600200007fb23005f989700ef98970081
:102860007f9997008fa19700861407000002be0091
:102870000203be00d49f9f00e59f9f00f69f9f002c
:1028800087a79f006168b900421307005f9a97000d
:10289000ef9a97007f9b97008fa39700791407000a
:1028a0000002be000203be000800be000a01be0016
:1028b0007a1307000004be000205be0016003700b0
:1028c0000d00e00014003200af9a97000500e00010
:1028d00011003a006022b8000600200007fe230025
:1028e0005f989700ef9897007f9997008fa19700c6
:1028f000641407000002be000203be000800be0010
:102900000a01be00651307000004be000205be00f8
:1029100016002000a69f9f005fa89700efa89700d1
:102920007fa997008fb1970061004000e0804800c8
:1029300060014900e0814900d0af9f00e1af9f00f6
:10294000f2af9f0083b79f001e002000fc0890009c
:102950003c109000808f5000030031003180fb005c
:10296000710e9800020037000c0078006b0707001a
:102970000dfd2f0080864600e98f560078ff360057
:10298000800078000150a0001106b100e58f5000d2
:1029900073ff3600e1022000810f500073ff320008
:1029a00001003700e00220000e00e0001e003a00a7
:1029b0003c1090000000e00003003200fc08900092
:1029c0008100e900710e9800bf9897000100e000b7
:1029d0000e0032000000e00003003200fc0890000e
:1029e0008100e900710e98001fa197000200e0002d
:1029f0000a0032000000e000080032007c0890006d
:102a00000000e900700e9800040037006022b80052
:102a10006033b8000c0078001b070700afa19700d7
:102a20006118b900510037001fa297000400e000b0
:102a300016003a005faa9700efaa97007fab9700b5
:102a40008fb3970094af9f00a5af9f00b6af9f00d4
:102a5000c7af9f00110037007fa197008fa9970093
:102a60004418dd00cc10de00810070004410dd0051
:102a7000f0a79f0081af9f0061024200e0824a0000
:102a800060034b00e0834b00050037005faa97000e
:102a9000efaa97007fab97008fb39700800678006e
:102aa00070002000010020006011b8000020e1004b
:102ab00001a8e10002b0e10003b8e100e6ff340044
:102ac0000d0078000050a00001072000810f500089
:102ad00015003a00bf9897000c00780001fe07002f
:102ae0006022b80006002000070028000400e10072
:102af0000588e1000690e1000798e10014003a0023
:102b0000bf9997000300e00007003a006022b80078
:102b10006033b8000c007800db0607006000b800e6
:102b20006011b8003c0137003c1290006000b80012
:102b30006011b8000400e000050032007c0890003d
:102b40000000e900700e98006000b8006011b80045
:102b50007fa297008faa9700e00f5200e08f5a00e3
:102b600007003a00afa297006128b9008c12070055
:102b70006011b8005cf907003b120700260137001e
:102b80001faa9700afaa97003fab9700cfab970063
:102b900068025200e0825a0060035b00e0835b0041
:102ba0002c0020000402d0008582d2000683d200cf
:102bb0008783d2000c06e900faff3a0004024000c5
:102bc000858248000603490087834900d4af9f00ef
:102bd000e5af9f00f6af9f0087b79f00cf9a9700a1
:102be0000500ea00cf80de006109b9005faa970006
:102bf000efaa97007fab97008fb397000020e1000a
:102c000001a8e10002b0e10003b8e1000f003400c8
:102c100020022000808c8800afa297006128b900b4
:102c20005c120700f4ff2f00f5ff2f00f6ff2f00c6
:102c3000f7fe270093130700f4ff2f00f5ff2f0086
:102c4000f6ff2f00f7fe27001a0037004f9b970072
:102c500067f92f0007004300cf80de006109b9004b
:102c60005faa9700efaa97007fab97008fb39700fa
:102c70000020e10001a8e10002b0e10003b8e1009a
:102c800039003d0020022000808c8800afa2970010
:102c90006128b9003f1207006022b800060020003a
:102ca00007012000771307006022b800060020000b
:102cb0000701200073130700d70037006022b80017
:102cc0000600200007fe23000800be000a01be0027
:102cd000cc1107000c0646008d864e000000e00077
:102ce0000d00350061064600e0864e006022b80007
:102cf0000600200007ff23000800be000a01be00f6
:102d0000601207000002be000203be000800be0001
:102d10000a01be00040037000802be000a03be001c
:102d20000800be000a01be005c1207000004be00dd
:102d30000205be005fa89700efa897007fa9970043
:102d40008fb1970061005000e08058006001590089
:102d5000e0815900d0af9f00e1af9f00f2af9f002c
:102d600083b79f00020037007fa697008fae9700c1
:102d7000e00f5600e08f5e00d0ff3d00fca79f00f3
:102d80008daf9f003fa29700cfa2de00612bb9005c
:102d900094af9f00a5af9f00b6af9f00c7af9f0045
:102da00000022000010020006011b800cf9a9700b7
:102db0004faede00050250008c8258000c03590013
:102dc0008c835900d49f9f00e59f9f00f69f9f0032
:102dd00087a79f005fa89700efa897007fa997009b
:102de0008fb197000000420081804a0002014b0031
:102df00083814b00d0b79f00e1b79f00f2b79f00df
:102e000083bf9f001faa9700afaa97003fab970010
:102e1000cfab97000020e10001a8e10002b0e10083
:102e200003b8e10006003400dfaa97004f9b97002b
:102e3000068052000002b000b0a79f000b003300d4
:102e40006000b8006011b80090af9f00a1af9f0074
:102e5000b2af9f00c3af9f0040032000bfa0970008
:102e6000808f500038003c00020037000001eb006a
:102e7000b2a79f0042052000bfa1970003015100a7
:102e80000000200001f82300571707000006be00cd
:102e90002fa297006120b900be1107000002be00fa
:102ea0000203be000c00be0094b79f00a5b79f00b0
:102eb000b2b79f00c7b79f006b1107001fb2970002
:102ec000afb297003fb39700cfb397000e1507003e
:102ed0000002be000203be0094af9f00a5af9f009a
:102ee000b6af9f00c7af9f00bfa29700ff8f5200f1
:102ef00015003c006022b8006033b8000800be0036
:102f00000a01be00531107000000e0000e0032006d
:102f10006000b8007fa3970061006300e00f5000dd
:102f2000e08f580008003a007fa697008fae970008
:102f300061064600e0864e00fca79f008daf9f0013
:102f40006044b8006055b800afa697006168b9004a
:102f5000901107000002be000203be00b4a79f004c
:102f6000c5a79f00d6a79f00e7a79f000802be0045
:102f70000a03be00c31207000004be000205be0023
:102f80007fa097008fa89700881107000002be005d
:102f90000203be003fa09700cfa097005fa197005b
:102fa000efa19700b71207000002be000203be00a7
:102fb0001fa89700afa897003fa99700cfa9970037
:102fc000b61107000802be000a03be00b3110700d5
:102fd0001faa9700afaa97003fab9700cfab97000f
:102fe000a81107000004be000205be006022b80060
:102ff0006033b800171107000000e00002003a003b
:1030000020022000808c88005faa97000800be0084
:103010000a01be001e1707004f0778004f06be00ca
:103020004f05be004f04be000f04b10000000600b3
:10303000cf23b000889fbe008a9fbe008c9fbe0039
:103040008e1f78000004780001007800b2a79f006e
:10305000e39f9f0094af9f00850578008006eb00fa
:103060000a003700f808900038109000808f500058
:10307000030031003180fb00710c98000200370022
:1030800008007800a50507001d00200001032000ae
:10309000810f5000f3ff32000006eb006022b80001
:1030a0006033b80094b79f00a5b79f00b6b79f00e4
:1030b000c7b79f00e1022000810f50002a003a00ac
:1030c000f808900038109000808f500009003100ff
:1030d0003180fb00710c98006022b8006033b800aa
:1030e00094b79f00a5b79f00b6b79f00c7b79f00d2
:1030f000190037000800780088050700f6ff370040
:103100001fb09700afb097003fb19700cfb19700c5
:1031100061005000e080580060015900e0815900d2
:1031200090b79f00a1b79f00b2b79f00c3b79f00a1
:10313000f808900038109000808f50000300310094
:103140003180fb00710c9800020037000800780005
:10315000720507001d00200001032000810f5000b0
:10316000e7ff32001c0020006011b800c29f9d00e4
:10317000d39f9d008004eb006022b8006033b8004c
:10318000d4af9f00e5af9f00f6af9f0087b79f00c9
:10319000090778000905780052003700810f5000b8
:1031a0000c003a000c00e00058003a005fa89700bd
:1031b000efa897007fa997008fb1970090b79f0065
:1031c000a1b79f00b2b79f00c3b79f001c002000ab
:1031d0003b003700010320005faa9700efaa970089
:1031e0007fab97008fb3970061024200e0824a00f4
:1031f00060034b00e0834b00d4af9f00e5af9f001e
:10320000f6af9f0087b79f00c3072000830f5700ca
:1032100023003c00810f500001003200dfac97001a
:10322000c276dd000a00e0001100320085db2f00cd
:103230008f8242008d8642006102b9000403b10012
:103240000580b100a2002000030020001d00be0088
:10325000d4b79f00e5b79f00041107005fb2970045
:10326000efb29700801e420081964a0005003700a9
:1032700086db2f000f0343008d064300cf91de0055
:10328000828ebe000a05e8001d002000e90f5500ef
:103290000b003a000d0747000005eb00080037005f
:1032a000810f5000060032004f909700df9097008a
:1032b0000000a000c0979f00d1979f00c945200043
:1032c000f808900038109000808f50000300310003
:1032d0003180fb00710c9800020037000800780074
:1032e0000e05070002fd2f0000014100e102200051
:1032f000e90f5100a9ff3600810f5000a9ff3200ed
:103300000c00e000030032000a003700e002200059
:10331000080037005faa9700efaa97007fab9700dd
:103320008fb3970094b79f00a5b79f00b6b79f00d3
:10333000c7b79f000d00e0002900320000017800af
:103340000250a00051062000810f510024003a00d5
:103350008b00780008007800e2fb07006022b800cc
:1033600006002000070028000400e1000588e100b5
:103370000690e1000798e1000c003a000b00e00025
:1033800023003200381290006000b8006011b800cd
:103390000400e00005003200780890000000e90019
:1033a000700c98006000b8006011b8001fb2970060
:1033b000afb297003fb39700cfb39700000242002f
:1033c00081824a0002034b0083834b0094b79f0025
:1033d000a5b79f00b6b79f00c7b79f00130037007f
:1033e0000000e00006003500381090000000e0000a
:1033f00003003200780890000000e900700c98008b
:103400000d00e00009003a0060012000808c880077
:103410006022b8006033b800080078009a04070002
:103420006000b8006011b800780337004f9e950027
:10343000df9e9500e00f5600e08f5e0007003a0027
:103440009faa97006128b900551007006011b800c5
:1034500025f70700041007006c0337001fb0970022
:10346000afb097003fb19700cfb197005faa970028
:10347000efaa97007fab97008fb397000400e1009d
:103480000588e1000690e1000798e10020003a007d
:1034900090002000010020006011b8001fb29700ca
:1034a000afb297003fb39700cfb397000020e10081
:1034b00001a8e10002b0e10003b8e10014003c0003
:1034c000bfa29700fe8f52000a003c000c00be0015
:1034d000050378000603e900030033008100d100f2
:1034e0000080d300fbff3700e00f5000e08f580052
:1034f00007003a009fab97006138b900251007001c
:103500000004be000205be000c00be0060003700d3
:10351000220020006f9e9700110009000206d800cb
:103520000000ea00cf80de006109b9001fb29700f9
:10353000afb297003fb39700cfb397000020e100f0
:1035400001a8e10002b0e10003b8e1000f0034007f
:1035500020022000808c88009faa97006128b90073
:103560000c100700f4ff2f00f5ff2f00f6ff2f00cf
:10357000f7fe270043110700f4ff2f00f5ff2f008f
:10358000f6ff2f00f7fe27008e0037006f9b970095
:1035900067f92f0007004300cf80de006109b90002
:1035a0001fb29700afb297003fb39700cfb3970019
:1035b0000020e10001a8e10002b0e10003b8e10051
:1035c0000d003d0020022000808c88009faa9700fb
:1035d0006128b900ef0f07006022b8000600200044
:1035e00007012000271107006022b8000600200014
:1035f00007012000730037000a00e0000e003200cf
:103600000a0037004274dd0086db2f000f03430001
:1036100008044300a2002000030020001800be00a0
:1036200012100700008cbe000a05e800e80f5500e4
:10363000f4ff34000e07e8009fb39700e88f5400b2
:1036400002003c00878f5400050034004270dd000a
:103650008cdb2f000f064600000046005c003700a0
:103660009fb69700f18f5600f8ff3c00e98f560097
:1036700009003a001fa997006110b900c50f0700a3
:103680000004be000205be004f989500df9895002b
:10369000c60f0700470037009fb19700e88f510021
:1036a0001c003c001faa97006120b900b90f070059
:1036b0000004be000205be004f989500df989500fb
:1036c000ba0f07000002be000203be000800be00e1
:1036d0000a01be00eb1007000004be000205be0098
:1036e0009fb29700688012004200dd00610b21004c
:1036f000008040001000be00a60f07000002be00c0
:103700000203be000800be000a01be002e10070022
:10371000be0237003fa397007b004300d2ff2f007b
:103720009fb3970002b9b90002014000fe0f51009b
:103730000a003c004f989500df9895000201e900cf
:10374000030033008100d1000080d300fbff37006d
:10375000e00f5000e08f5800bcff3a001fae97000a
:103760006160b9008b0f07000004be000205be00b7
:103770004f989500df9895008c0f07000002be005f
:103780000203be000800be000a01be00bd10070013
:103790000004be000205be009fb697006a80560076
:1037a0004200dd00610b2100008040001000be00df
:1037b000780f07000002be000203be000800be0032
:1037c0000a01be00af100700900237000e07e900a3
:1037d0004001be00e00f5100e08f5900fbff3200b6
:1037e000940020009fb09700110009008400d800c9
:1037f000010278000001eb00d2af9f000400e0005e
:10380000520032009fb197000300e00001003d002c
:1038100069024200680012004200dd00610b2100d5
:10382000008040001005be0046db2f000f03430060
:103830006044b8008002eb00d5af9f00c4a79f0092
:103840000800be0085047800060478000002be006f
:103850002d0037005806be000a01be000c00be0055
:10386000d4b79f00e5b79f0042f407005fb297000e
:10387000efb297000403400085834800068cbe0029
:103880000a01be0000a02c00a1b92300f6b79f00da
:1038900087bf9f00e00e07000002be000a01be00c5
:1038a0000c00be00d4b79f00e5b79f006c0f070067
:1038b0000001be005fb29700efb297000400be00a7
:1038c0006a0f07000002be000900e8007fb39700fe
:1038d0008fbb97005fae97008c8f540009003a00b1
:1038e000e00f5300e08f5b0006003a00800678008e
:1038f000fd07b200ddaf9f009fb09700e980500048
:1039000091b79f00800478008e8f5400d1ff3a0059
:103910000404be004fa29700e00f5400e08f5c004b
:10392000060032004270dd0082db2f000f014100f3
:10393000000041000888be000e07e800690212007e
:103940009fb197008481410093b79f000002eb0074
:10395000c4a79f00dfae97006c003700cfa297008e
:10396000fd825200c5a79f000e06e900fc07b200c9
:103970006033b800d6af9f00e7af9f004260dd0024
:1039800087db2f008f83430080834300d7a79f00ee
:103990001704be006055b800cd55dd004348de0079
:1039a0008b0570004d4ddd004340de000a057000c0
:1039b000cd44dd000004eb005fa99700efa997005c
:1039c000080441008984490060054d00e0854d00f0
:1039d00004a02c00a5b923006033b8000440e10026
:1039e00005c8e10006d0e10007d8e1000e0036006e
:1039f0000800be000a01be00dcf70700d0af9f0040
:103a0000e1af9f0004a02c00a5b923006033b800eb
:103a10000800be000a01be00dbf70700dfa3970025
:103a2000808bbe00050037005fa097000888be00ad
:103a30006011b800d2af9f00e3af9f000e00e90015
:103a4000f007b200800f56000b003a008d0f5600b1
:103a50000e0032004260dd0083db2f008f814100c9
:103a6000008041001000be00e00f5000e08f5800c1
:103a7000ed013200020037008d0f560003003200c6
:103a80000c06e900fc07b200bcff37005faa9700f4
:103a9000efaa9700e00f5200e08f5a001b0032009f
:103aa0009fb29700e982420095b79f008d06e9001a
:103ab000fd07b2008e8f56000d003a000d07e90099
:103ac000fe07b2000e00e900f007b2004200dd0080
:103ad00086db2f000f03430000004300c270dd00af
:103ae000810043001001be00311871002190710067
:103af0004268dd0083db2f008f81410000804100a0
:103b00005faa9700efaa97000488be009fb29700b3
:103b1000f18f520091ff3400f28f520009003a00f9
:103b20004269dd0086db2f000f03430002014300e2
:103b3000e005270091082000b20f1000a28f1800a6
:103b400086ff36008d037800220d21000000eb0077
:103b500087004000f107b2008e8f50000d00320048
:103b6000c208dd0083db2f008f814100818041008e
:103b70001104be005202be00840f5400858f5c0009
:103b8000040039000d003e000000e800e20f500084
:103b9000efff3a001fb29700f20f520007003a0001
:103ba000d7af9f006044b8006055b8008006eb00b6
:103bb0000800be000a01be0067003700990020001f
:103bc0009fb29700fb8f520001003c0019002000bb
:103bd0004fa3970009034300c6a79f0010002000d1
:103be0000900dd000000e9006101b900d2a79f00d3
:103bf000e3a79f000aa02c00abb92300890178003d
:103c00008301e900030033008b85d1000a85d300ce
:103c1000fbff3700070478006000b800d0af9f00ba
:103c2000e1af9f000a02be001fb59700870578002c
:103c30002d003700c240dd0086db2f000f0343005c
:103c4000810043001101be000203be000906780096
:103c50000c06e900030033008703d1000683d3007c
:103c6000fbff37005fae9700efae970006034600fc
:103c700087834e008688be006fa097008306600091
:103c8000dfa09700028660000401be000c00be00a9
:103c9000d4b79f00e5b79f00f6b79f0087bf9f008e
:103ca000720e0700d0af9f00e1af9f000800e80050
:103cb0005fb29700efb297007fb397008fbb97007a
:103cc0008b0f540006003a00e00f5300e08f5b00ba
:103cd00003003a0080057800fb07b2006905550033
:103ce00000047800f807b2008e0f5400d1ff3a00ac
:103cf0008b0378009ab79f005fa89700efa8970002
:103d0000e00f5000e08f58008fff32000e01e800f6
:103d1000f207b200870f5100070032004277dd0042
:103d200083db2f008f8141000e874100008fbe0092
:103d30000207780084ff37000e00e900f007b200a8
:103d40004200dd0084db2f000f0242000000420031
:103d50001000a0007cff3700dfaa97000586460010
:103d6000fc07b2008e0f560009003a000e07e8006b
:103d7000fe07b2000e02e9004222dd0086db2f00c2
:103d80000f03430004024300000aeb0034127800e2
:103d90006022b80056d62c00d71c2400390f07002b
:103da0000004be000205be004266dd0087db2f0076
:103db0008f8343000c8643001c00be00fb0d0700f0
:103dc0000002be000203be000800be000a01be00e1
:103dd000320e07008d06e800e28f5600deff3a0043
:103de0000004be000205be001fae97006160b9006e
:103df000e80d07000002be000203be000800be007e
:103e00000a01be001f0f07000002be000203be0031
:103e1000d4a79f00e5a79f00f6a79f0087af9f004c
:103e2000cfa297005503b000c59f9f006f9b9700de
:103e300006835200d69f9f00bfa39700868f530032
:103e4000060034000600e0000b003500060678008e
:103e50001d0020009db79f00030037003fa697007c
:103e60000000eb0090b79f0040032000800f560039
:103e700037003c00030037001100200091b79f007d
:103e80000006eb00920620000c015100000020000b
:103e900001f8230054130700730d07005fa2970079
:103ea000efa297007fa397008fab97001611070032
:103eb0000002be000203be00f49f9f0085a79f0082
:103ec00096a79f00a7a79f00520320000c01510056
:103ed0000000200001f8230043130700620d0700d3
:103ee0000002be000203be005fa09700efa0970093
:103ef0007fa197008fa99700a51107000004be00bd
:103f00000205be000002be000203be005fa09700d3
:103f1000efa097007fa197008fa99700d90d070008
:103f20007f9a97008fa297001fa39700afa39700d7
:103f3000da0d07000002be000203be00d4a79f00f6
:103f4000e5a79f00f6a79f0087af9f0008003700f6
:103f50006000b8006011b800f09f9f0081a79f002b
:103f600092a79f00a3a79f000004be000205be0009
:103f7000dfa897000180e800f007b2008e0f500024
:103f80004e0032004200dd0082db2f000f014100b5
:103f9000000041001001be00f04f2600d1dc2100de
:103fa000800f5100818f59000e003e00e00f51003c
:103fb000e08f590005003a00dfa9970063804100b7
:103fc000f007b2008e0f5000250032001faa9700a4
:103fd0006120b900720d07000200200003e82300f1
:103fe0001600370000502600d1dc2100800f510060
:103ff000818f5900030032009faa97006128b90001
:104000000b0037005fab970063014300f207b2007b
:104010009fab97006138b9008e0f510004003a0041
:104020005f0d07000200200003f0230003003700ab
:104030005b0d07000200200003f423002af40700b0
:10404000090d07000002be000203be000800be000a
:104050000a01be00910d07000004be000205be006b
:10406000500320000c005000e10f500013003400fa
:104070006022b8000600200007ff23000800be00f1
:104080000a01be00421107006022b8006033b80088
:10409000f00c07000000e00008003a006022b800c1
:1040a0000600200007ff23000800be000a01be0032
:1040b0007a0d07000004be000205be003fa0970075
:1040c000e3061000ef989700818656000802be00b4
:1040d0000a03be005fa09700efa097007fa19700a2
:1040e0008fa997006d0d07007f9a97008fa2970008
:1040f0001fa39700afa39700620d07000002be0048
:104100000203be0094af9f00a5af9f00b6af9f0013
:10411000c7af9f0064805600cf98970001f0a100c0
:10412000810f500033003c000400be0090100700d7
:104130006022b8000600200007342400b10c0700fc
:104140000000e0001b0035009fb297000500e00072
:10415000070032005f9b970006066e000cf0a70078
:104160000c06ea000c06ea004f66de009cb79f00d2
:104170006022b8000600200007fe23001fa8970059
:10418000afa897003fa99700cfa997003d0e070061
:104190000002be000203be0094af9f00a5af9f00c7
:1041a000b6af9f00c7af9f00cfa297008502e8007f
:1041b000c5a79f004fa097004003b0008d0f50008f
:1041c0000a003d001fb397000600e000090032001e
:1041d0006022b8006033b8000800be000a01be00cb
:1041e0009c0c07000000e0000200320020022000ca
:1041f000808c88004fa297001fa89700afa8970057
:104200003fa99700cfa99700a11207004f07780098
:104210004f06be004f05be004f04be00ef1fb100a9
:10422000ef03b100000006000c07780014fe370011
:10423000e4874700889fbe008a9fbe008c9fbe0017
:104240008e1f780000047800020778000100e0006b
:10425000fa003500bbf62f008a012000e18f5000e4
:1042600004003400e28f5000f4003a00ebbc2f0051
:104270005a03200078089000b8109000810f500079
:1042800003003100b084fb00700c9800030037007d
:1042900008007800210107008004780009007800f8
:1042a00006f807000000e000f2ff3a00b00220002c
:1042b000808f5400060032001c002000d002200035
:1042c000808f54000e003a002c00200001003700bf
:1042d0000006eb006106160078089000b810900008
:1042e000810f500003003100b084fb00700c980077
:1042f00003003700080078000801070080047800f8
:10430000710a21008006eb0011003700e78f56008c
:104310000c0032007808900038119000820f500095
:1043200003003100b084fb00700c980005003700da
:104330000800780081bf9f00f80007008004780023
:104340008fb897008d06e800e88f56001f003200f6
:10435000090178000250a0005100fb00800f5100bd
:10436000eaff32000d007800e38f560006003200ad
:10437000e88f560015003200e38f56001900360012
:104380000e00e000bd003200b81090000100e00017
:1043900003003200780990000201e900720c9800d5
:1043a0000e00e00009003200060037000100e000c6
:1043b00003003200780990000201e900720c9800b5
:1043c0000000e900e30f5000f8ff3a00e10f46005b
:1043d0009d003a006000b8000200200003ff2f009b
:1043e000a0003700010b21000d00e0001200320098
:1043f000a2003700e28f56000c00320078089000cf
:1044000038119000820f500003003100b084fb008f
:10441000700c9800050037000800780081bf9f00ed
:10442000be000700800478008fb897008d06e80072
:10443000e38f560006003200090178000250a00008
:104440005100fb00800f5100eaff32008b00370063
:10445000f808900038109000808f5000070031005d
:1044600080c2b300314068000080fb000000ea0019
:104470004f00de00710c980007003700080078003c
:10448000a60007008082b20000f0a7000000ea004a
:104490000000ea004f00de00190020000004e000e8
:1044a00007003200381090000000e0006a0032007f
:1044b000780890000000e900700c98006600370052
:1044c000f808900038109000808f500003003100f1
:1044d0003180fb00710c9800020037000800780062
:1044e0008e00070001fd2f0080804000e98f500002
:1044f0000b003600f1fb2f0080804000f98f500048
:1045000007003600f1f92f0080804000f98f50003d
:1045100003003600f1052000810f500002003a0030
:104520008904e800e6ff370091022000810f500067
:1045300049003200381090000000e0000300320013
:10454000f80890008100e900710c98000e00e0006e
:1045500007003a000f0037000000e00003003200bf
:10456000f80890008100e900710c98008904e900c6
:104570000900e000f8ff3a003700370038109000db
:104580000000e00003003200780890000000e9001d
:10459000700c980060012000808c88006022b800b8
:1045a0006033b800080078003700070023003700a8
:1045b00000032000808f54001a003a00f808900091
:1045c00038109000808f5000030031003180fb00d4
:1045d000710c980002003700080078004f000700b7
:1045e0000050a00081072000810f500007003a0012
:1045f0000e0278008c0178000b0178008a007800a8
:1046000008007800f1f70700160037003810900016
:104610000000e00003003200780890000000e9008c
:10462000700c98008e0278000c0278000a01be001f
:104630000800be007efa07000a0037006000b800dc
:104640006011b800070037006000b80002002000c9
:1046500003ff2700030037006000b80002002000bd
:1046600083ff27004f0778004f06be004f05be00ae
:104670004f04be004f00b100000006000d00e00036
:10468000beff3a00caff3700889fbe008a9fbe0067
:104690004410980055109800661098007710980004
:1046a000f00890002004900001045400cfc4de0004
:1046b000614db90008189800191898002a18980038
:1046c0003b189800e00f5200e08f5a00e00f5b00ab
:1046d000e08f5b000c0032000014900001045400d5
:1046e000cfc4de00614db9000440e10005c8e1001f
:1046f00006d0e10007d8e100030034000482400046
:10470000341098000200370080109000311098009b
:104710004f05be004f04be00000006002800fa004e
:10472000889fbe008a1f780000047800f808900077
:104730002800900000805000081a9000981a9000fd
:10474000281b9000b81b9000cf80de0004024000c0
:1047500085824800068348008783480048109000ff
:10476000d810900068119000f8119000e00f5000f0
:10477000e08f5800e00f5900e08f5900050032002b
:104780000020e10001a8e10002b0e10003b8e1006f
:104790000d003d0008007800d4b79f00e5b79f00ea
:1047a000f6b79f0087bf9f001f03070080047800b3
:1047b0005fb29700efb297007fb397008fbb97006f
:1047c0000900e00016003d0078089000a800900065
:1047d000808050004f89de0004824000850249003d
:1047e0000603490087034900041c9800151c980023
:1047f000261c9800371c980030149800f0ff2f00fa
:10480000f1ff2f000001be004014980051149800e1
:1048100062149800731498008084eb0052003700f3
:1048200061004200e0804a0060014b00e0814b00e3
:1048300090bf9f00a1bf9f00b2bf9f00c3bf9f005a
:1048400048129000d812900068139000f81390005e
:1048500094b79f00a5b79f00b6b79f00c7b79f004a
:10486000e00f5200e08f5a00e00f5b00e08f5b002a
:1048700028003200780d9000081190000a015100c4
:104880006112b900612bb900d4af9f00e5af9f0062
:10489000f6af9f0087b79f001fb09700afb097009b
:1048a0003fb19700cfb197001fba9700afba9700fa
:1048b0003fbb9700cfbb9700040050008580580095
:1048c000060159008781590090af9f00a1af9f005a
:1048d000b2af9f00c3af9f005faa9700efaa9700f7
:1048e0007fab97008fb397000020e10001a8e100a3
:1048f00002b0e10003b8e100060034009fb2970067
:104900001fbb9700068152008200450031149800b9
:104910000200370088139000371498002801900097
:10492000f8089000810151001fba9700afba9700b4
:104930003fbb9700cfbb97004f98de000482410039
:10494000850248000603480087034800041c9800bd
:10495000151c9800261c9800371c9800828f500068
:1049600001003e00f9f89f00090078004f0578002b
:104970004f04be000080fa00000006000200fa00aa
:10498000881f780000047800e2bf9f006481570010
:104990000800780084020700980090000148a300f6
:1049a000010032000080eb004f0478000080fa0024
:1049b00000000600881f780000047800000820002e
:1049c000808f50001700350010082000808f5000a5
:1049d0000b00340030082000808f500011003a0096
:1049e0009200780068805000000978003002be0014
:1049f0002003be00049cbe000694be0007003700e2
:104a00009202780064805200000978001000be0015
:104a1000950a0700009cbe000294be001000200012
:104a2000010037000000eb004f0478000000060092
:104a300084082000848f50001d0032000d003c00cf
:104a400014082000848f50002700320002003c0030
:104a5000040820000400370024082000848f500040
:104a60003400320044082000848f500043003a0094
:104a700036003700040a2000848f500027003200df
:104a800004003c0004092000848f50003b003a00e1
:104a900028003700020c2000828f50002f003200c7
:104aa000020f2000828f500034003a002b003700a4
:104ab0009380e9000200e0000500320081097800df
:104ac0001102fb00cfa2de00612bb90028003700e5
:104ad00081097800114278000482fb008002eb001b
:104ae0006033b8002200370013027800e40052005f
:104af0000200e00005003200810978001102be00ca
:104b00004fabde008603780019003700810978007a
:104b10001102be006033b800150037009380e90031
:104b20008109780011027800cfa2de00612bb90064
:104b30000f00370093027800e88052008109780066
:104b40003102be002103be00090037009380e90056
:104b50000200e00002003200f1ff37009380e9001c
:104b600081097800110278008002eb006033b80000
:104b70000498be000690be0010000500000005006d
:104b800044082000848f50002500320008003c00bb
:104b900014082000848f50001400320024082000e4
:104ba000848f500024003200040820000c003700dd
:104bb00004092000848f50001f00320004003c00d4
:104bc00084082000848f500024003a000e00370033
:104bd000040a2000848f500011003200040c2000d1
:104be000848f50001d003a000d0037009380e900cb
:104bf000810978009100780001087800cf91de00eb
:104c00008288be00140037009380e9008109780093
:104c10009100780001087800824878000e00370083
:104c20009380e900810978009100780001087800fc
:104c300082087800080037009380e9008109780035
:104c400091007800010878006112b900612bb90069
:104c50008498be008690be0010000500000005008c
:104c6000889fbe000004780048009000820478000d
:104c7000808f54000100360080047800090178001c
:104c800058009000fd010700580090000900400006
:104c900050049800c800900089845000490498008e
:104ca0000048eb004f04be0000000600f2874700fa
:104cb000889fbe008a9fbe008c9fbe008e1f78001a
:104cc00080047800010578000204780083057800ec
:104cd0006107620002003a008b0f5400080039009f
:104ce000080178008a00780009007800dcff0700de
:104cf0008b0f540002003900880578001e00370031
:104d0000088655000c017800f00f560001003600af
:104d100002012000010220007e8057008cf4070071
:104d20008c0678000500370002012000fe80570045
:104d300009007800caff0700f0865600ef8f560082
:104d4000f9ff3e004461de0000ff2f000091b90032
:104d500002014600fe80570009007800c0ff0700ee
:104d60000e00e00004003a00080178008a00780094
:104d700009007800baff07000b0078004f077800a1
:104d80004f06be004f05be004f04be002f01b1000c
:104d900000000600000005000000050000000500fe
:104da000000178000040eb008080fb008180400023
:104db000e313210063c278000404e00003003a001a
:104dc000f013210060c07800000006009201780016
:104dd000934f520004003a00f013210060c07800a5
:104de0000309e800010037000040e800ea4f5000e6
:104df000edff360000000600f6874700889fbe00e2
:104e00008a9fbe008c9fbe008e1f78000005780030
:104e10000104780083057800040678000000eb00a8
:104e2000c0b79f008080eb00d1b79f00e0b79f0024
:104e3000f2b79f000008200080bf9f009800780014
:104e4000010078008004eb00010037008904e800cd
:104e5000304178000204e0000300320053c2b30086
:104e6000834f5100f9ff3a000900e00004003200ce
:104e7000090178000a00780079ff0700188c4400c7
:104e80001807780050c2b3009e4f10003f013a004f
:104e90000e07e8000e0c780010003700cfb0970026
:104ea0000100a0000b003700cfb097000110a00058
:104eb00008003700cfb097000120a00005003700a0
:104ec000cfb097000130a00002003700cfb09700ac
:104ed0000140a000c1b79f00000ce8001800780056
:104ee00090407800b2c2b30082cf5000f1ff320090
:104ef00007003c0002c2b30082cf5000f0ff320036
:104f000032c2b30082cf500007003a00efff3700f3
:104f1000d2c2b30082cf5000e0ff320002c3b30020
:104f200082cf5000e0ff3200a2c2b30082cf500017
:104f30000d003a00000ce8001c80e900000e78002b
:104f400010007800e0b79f000000e0000f003d0077
:104f5000cfb097000100a200c1b79f000000ea0097
:104f6000e0b79f000900370063f30700e0b79f0038
:104f700001003700000ce800180078009000fb00ea
:104f80000103b100e98f5000faff36004fb09700df
:104f90000008a300020032000010a100c0b79f006b
:104fa00018007800e1c2b30090cf100016003a005c
:104fb0008000eb00d1b79f000000e800000c7800f3
:104fc000a1c2b30090cf100006003a00000ce80028
:104fd0001c80e900000e780010007800d0b79f0018
:104fe0000900370044f30700d0b79f0001003700e5
:104ff000000ce800180078009000fb000103b100ed
:10500000e98f5000faff36000800780064ff0700bf
:1050100080467800180078001000fb003601070079
:1050200091062000810f50003800320012003c0031
:1050300041062000810f5000340032000a003c007d
:1050400011062000810f50002000320031062000a0
:10505000810f5000a000320051022000810f50004b
:10506000bc003a00b400370071062000810f5000e8
:10507000b8003c008800370001072000810f500075
:105080005c00320007003c00e1062000810f500068
:105090007a003200f1062000810f5000ad003a0086
:1050a0003900370051072000810f500027003200df
:1050b00081072000810f500042003200310720009c
:1050c000810f5000a3003a008f0037008d80fb0055
:1050d0000c01780000fe2f000f00400035fe070095
:1050e0000000e000a800320018007800000ce80082
:1050f0009041780002fe2f000f014100f880570018
:105100000a007800040107000e0037008d80fb00c4
:105110008c0178001200200000fe2f000f004000dc
:1051200043fe07000000e00097003200180ce80082
:1051300002fe2f000f014100f88057000a0078009e
:105140009703070080844400900037008d80fb00a7
:105150008c0178000001eb0000fe2f000f004000e2
:1051600033fe07000000e00087003200180ce80062
:1051700002fe2f000f014100f88057000a0078005e
:105180006e070700efff37008d80fb008c01780071
:105190000001eb0000fe2f000f00400024fe07007e
:1051a0000000e00078003200180ce80002fe2f003a
:1051b0000f014100f88057000a007800ad06070093
:1051c000e0ff37008d80fb008c0178000001eb00d0
:1051d00000fe2f000f00400015fe07000000e00059
:1051e0006900320018007800000ce8009041780057
:1051f0001c0037008c0178000001eb00010f20003b
:1052000000fe2f000f00400009fe07000000e00034
:105210005d003200180ce8000fb097009fb09700b7
:105220002fb19700bfb19700e00f5000e08f5800fa
:10523000e00f5900e08f590009003a00cfb5970000
:105240006fb4970060132100930007000b027800f1
:1052500088017800000178006113210047003700c1
:1052600083c7b30002fe2f000f014100f8805700f2
:105270000a0078005a070700b2ff37000b8144008c
:105280008d80fb008c01780000fe2f000f00400095
:105290003bfe07003c0037008d80fb000c017800ce
:1052a00000fe2f000f004000c2fd07000000e000dc
:1052b0003500320018007800000ce80090417800ba
:1052c00002fe2f000f014100f88057000a0078000d
:1052d0008d0307009bff370000c8b30080cf560046
:1052e00029003a00180ce8001c80e900000e780044
:1052f00010407800e0df9f0013002000e2fd2f0047
:105300000f0141000800370000c8b30080cf5600ed
:105310001d003a00180ce8001c80e900000e78001f
:105320008001eb0010017800f88057000a00780037
:105330008506070083ff370000c8b30080cf560002
:1053400011003a00180ce8004fb29700efb1970037
:10535000080037000e0c78000000eb00c0b79f007b
:10536000e0b79f000080eb00d0b79f000002eb0089
:105370008401780012002000c11321000a00780087
:105380004afe07006fff3700180ce800090078009c
:105390004f0778004f06be004f05be004f04be0009
:1053a0006f01b100000006008200fa00889fbe0075
:1053b0008a1f78000005780082047800c13f9f00b2
:1053c0000004eb0010003700090278008801780023
:1053d000a2f72f000f01410081f72f008f804000be
:1053e0000a00780084fe070008004000880f500083
:1053f00004003d00b0042000808c88000084eb0095
:1054000004003700000478004f3897001004e000d3
:10541000edff3a00080078004f0578004f04be0009
:105420000080fa00000006000200fa00889fbe001b
:1054300000047800080078008e0707008084eb00e5
:105440000000e00009003a009811900012002000ce
:10545000e68057000800780003000100e10f5000cb
:1054600002003a002ff897008084fb0009007800c2
:105470004f04be000080fa000000060080017800a2
:1054800002003700b15978000201e9000200e00093
:10549000fcff3a000000060080007800040037009e
:1054a0003104e00002003a00000051000000060054
:1054b000010178000108a300f9ff3a00810178009a
:1054c00031017800f4ef2f00020242000281ea006d
:1054d000020162000408280004016100f7ff3200a5
:1054e00083007800010178003104e000fdff3a00fc
:1054f0000000510000000600f1fb2f0080804000fa
:10550000f98f500001003e000050a000000006008e
:10551000f9ff3700000006003e00fa00889fbe0039
:105520008a9fbe008c9fbe001007980083467800bb
:1055300011007800400f98009101900043079800f7
:1055400021029000240f9800c1029000050f7800fe
:10555000b1009000611f98003204be002205be0019
:10556000281f9800391f98004a1f98005b1f980059
:105570006022b8006033b8000800be000a01be0017
:105580009b0707000000e00009003d000800be0086
:105590000a01be0003f0a200201f9800311f9800ee
:1055a000421f9800531f9800d0c2b3000400370078
:1055b000ce0890000128a30009003200b0c2b30059
:1055c0006e19900000497800ae0990008301e9004f
:1055d000330f980014002000540f9800100037007b
:1055e000ce0a90000538a3000900320000c2b300c3
:1055f0006e1b9000004b7800ae0b90008703e90013
:10560000370f980018002000580f9800040037004a
:10561000ae0c9000390f98000005eb005a0f98006f
:105620002e189000be1890004e199000de199000c0
:10563000b8ff0700f4ff2f00f5ff2f00f6ff2f0043
:10564000f7ff270004026000858260000603610006
:10565000878361006000b8000200200003ff27007c
:105660000020e10001a8e10002b0e10003b8e10080
:105670000c003a008d06fb001d04b100ee1d9000e9
:10568000de0890000180450001172100f98f5600c7
:1056900001003600411721001b07070040172100b9
:1056a0002f0237000020e10001a8e10002b0e10074
:1056b00003b8e1000c0036008d06fb001d04b100ac
:1056c0006e199000de09900003004100811721004f
:1056d000f98f560001003600c11721000a070700a4
:1056e000c01721001e02370000c3b3006e1a9000dd
:1056f000de0a900000f27a000500e8000001420096
:105700008d00fb00f6fb2f00068340002607980063
:1057100081c7b300f90f530001003e0081c5b300fb
:10572000014978000000e800500f98006022b8009e
:105730006033b8002e189000be1890004e199000eb
:10574000de1990002a0707000000e0005e0032002a
:105750008003eb006044b8000a0020000bff230028
:1057600068079800790798000a0f98001b0f9800a7
:1057700007067800050037000c06e8006e0c900064
:10578000fe0c90000e1590009e1590000802be00c1
:105790000a03be000800be000a01be00bf070700e2
:1057a0000002be000203be00640f9800750f98004f
:1057b00006179800171798002e189000be18900032
:1057c0004e199000de199000090707000000e00064
:1057d000e9ff3d006c0f98002a0037006022b800f6
:1057e0000600200007fe23000800be000a01be00dc
:1057f000a40807006022b8006033b800fc06070068
:105800000000e00016003a006022b8000600200008
:10581000073524000800be000a01be0099080700f1
:105820000004be000205be006022b8000600200091
:10583000073524002e189000be1890004e199000d5
:10584000de1990008f0807000002be000203be00b0
:10585000241f9800351f9800461f9800571f980076
:105860006022b8000600200007fe23000800be00ea
:105870000a01be00830807000004be000205be0046
:105880000c06e9000802be000a03be002e189000b4
:10589000be1890004e199000de199000d406070043
:1058a0000000e000cdff35000800be000a01be0088
:1058b0006007980071079800020f9800130f980076
:1058c0006c0f9800090037008000eb00610f980012
:1058d0006022b8000600200007ff2300640798003c
:1058e00075079800060f9800170f9800ce029000d9
:1058f000800120000500e000010035004e0090000e
:105900000000e800300798006e049000fe0490004c
:105910000e0d90009e0d9000681798007917980062
:105920000a1f98001b1f98002e1c9000be1c9000a0
:105930004e1d9000de1d90000006eb003a0037007f
:105940006e129000fe1290000e1b90009e1b9000a5
:105950000800be000a01be009b0707008f0a07006f
:105960000002be000203be002417980035179800fd
:105970004617980057179800da060700800278004b
:10598000550798006e129000fe1290000e1b9000ba
:105990009e1b90002e109000be1090004e119000a3
:1059a000de119000370807000002be000203be00af
:1059b0000800be000a01be00320707000004be0056
:1059c0000205be006022b8000600200007fb23008d
:1059d0006e109000fe1090000e1990009e1990001d
:1059e000280807000002be000203be0064179800ea
:1059f00075179800061f9800171f98000c06e800fe
:105a0000ce0290000500e00007003d006022b800d3
:105a10006033b8000800be000a01be00740607002b
:105a20000000e000040032003e039000860f5600a4
:105a3000c3ff3500010037003c0798006022b80022
:105a400006002000070224006e109000fe10900057
:105a50000e1990009e1990000a0807000002be006f
:105a60000203be006417980075179800061f98007f
:105a7000171f98000800be000a01be005c06070060
:105a80000000e0000d0035006e129000fe12900044
:105a90000e1b90009e1b90000800be000a01be0075
:105aa000530607000000e00011003a00de029000fb
:105ab0000508a300080032000d0037006044b8005c
:105ac0006055b80068179800791798000a1f980069
:105ad0001b1f9800060037006000b8006011b80076
:105ae0006017980071179800021f9800131f980004
:105af0006e129000fe1290000e1b90009e1b9000f4
:105b00002e189000be1890004e199000de199000db
:105b1000e20607000002be000203be006417980000
:105b200075179800061f9800171f980079fe070048
:105b30000203be000002be00f0ff2f00f1ff2f00a5
:105b4000f2ff2f00f3ff270000046200818462004f
:105b50000205630083856300281f9800391f9800a1
:105b60004a1f98005b1f98006000b80002002000e8
:105b700003ff27000040e10001c8e10002d0e1007e
:105b800003d8e100bbfe3200be0c90008984e9001e
:105b9000291f98005e0e90008006eb005d079800bc
:105ba0002d1798006f0037006e029000fe029000e3
:105bb0000e0b90009e0b90006e109000fe10900057
:105bc0000e1990009e199000ff060700f3090700c8
:105bd0000004be000205be004206070080007800f7
:105be0000100e00006003a002e1090000000e000e6
:105bf000030032008d06e8003d0f980033003700a7
:105c00005e0190000200e0000c003a00ae1190002e
:105c10000300e00009003200e0c2b3006e1a9000f9
:105c200000727e000c06e800ae1a90008502e900c2
:105c3000251f98001600200056079800ee1b9000c4
:105c40000c8143000d007800070278000300370044
:105c500003c3b300035978000000e9000000e0002e
:105c6000fbff3a00300f9800641f98000d064600b5
:105c7000e98f500003003c000003200001004000b9
:105c8000020037007005200001004000ae009000c7
:105c9000f98f500006003e00800078000150a000ff
:105ca0001106b100f98f500001003e009d0507006c
:105cb0006e19900000717e000c06e8008d86ea00e7
:105cc000ae1990008d814100231f98006e02900054
:105cd000fe0290000e0b90009e0b90000800be008c
:105ce0000a01be00670707000002be000203be00f3
:105cf0006e109000fe1090000e1990009e199000fa
:105d0000600607000002be000203be006417980090
:105d100075179800061f9800171f98006022b8009a
:105d20000600200007fb23006e009000fe0090009c
:105d30000e0990009e099000520707000004be0063
:105d40000205be0068079800790798000a0f9800be
:105d50001b0f9800ae1490008904e90029179800e1
:105d6000be0e90002e1590000a00ea00be059000bd
:105d70008b0f500004003d009e00780065805000ad
:105d8000800f560088ff39005e0190000200e0009d
:105d90001e003a000d00e0007d003400ce019000ae
:105da0000300e0007a0034004e0a90000408a300cb
:105db00077003a00ee1a90008c804200e0c2b300f7
:105dc000804878000d0078008501780002c3b30098
:105dd000826878000000e900fcff3a00631f980029
:105de0000c8646000c06e8002e1b90000600e90019
:105df0000d005000201f980004003700e0c2b300df
:105e0000ee1b900080737e000c06e8006e1c900074
:105e10000c0044000048eb009e0478008900e90073
:105e20000041eb0002f478008001eb006e0d900061
:105e30000a00e00003003d000a05ea006a0f98002e
:105e400013002000120020006e0a900081037800e9
:105e50002e1b90006e1c9000800678000900370011
:105e600081037800a5002000110009000502d80078
:105e70000002be000543b00005f47b000201e9000a
:105e80000603e9008700e9000400e000f4ff3a009f
:105e9000e10f5100f2ff3200261f9800681f9800a2
:105ea0000d00780001024400b2c2b3000300e0001c
:105eb00001003200d2c2b300024a78000101e900b9
:105ec000ee1990008280410003c7b3002e029000bb
:105ed000f90f520001003e0003c5b300834878006b
:105ee000820f560001003d0007050700ce0a900012
:105ef00063806200e20f500018003a002e1b9000f1
:105f00000684e9004240a900140034006e18900095
:105f100061fd0700800044008100e800ee1b900056
:105f2000818043008701780002003700e360780039
:105f30000000e900de0c9000890f5000fbff3d00df
:105f4000631f9800098041000801780001032000c8
:105f5000ffef07000005eb002a0f98006e18900075
:105f60004dfd07004e0a9000ae0990000001780038
:105f7000ee1890001e0090004cfb07004f06be007c
:105f80004f05be004f04be000080fa00000006006e
:105f9000ce0d90000b48a30098ff3a009bff3700fe
:105fa000ec874700889fbe008a9fbe008c9fbe0082
:105fb0008e1f780000067800010478001807900012
:105fc0002805900098067800cdb79f00b80590008e
:105fd0003202be002203be000400be000601be0065
:105fe0004f18de006011b8008000eb00d0b79f00b2
:105ff000e1b79f00f2b79f0083bf9f008004780045
:106000000900e000060032006000b8006011b8002e
:106010000402500085825800060359008783590006
:106020000e00e000020035000d10a100cdb79f006a
:106030000900e00005003a004fb097000028a300d7
:1060400002003a000038a300020032008a00e90092
:10605000010037008a007800f8815700a200200074
:1060600008007800620307000900e00003003a001e
:10607000cfb097000128a300080032000000e9001b
:1060800000814500b1c2b3000900e0000100320008
:10609000d1c2b30001497800050037000138a300e0
:1060a000030032000000e90001c2b30081757800ee
:1060b000480190000201e900000151008080450084
:1060c0004fb297008a0178000c007800f7fa0700b9
:1060d0009c0090000188a30004003200980090000a
:1060e000810f500001003d00010078004f0778004b
:1060f0004f06be004f05be004f04be00cf00b100ea
:1061000000000600000006004200fa00889fbe0062
:106110008a9fbe008c9fbe0020079800110f980038
:10612000034f980011007800400f980091009000f4
:10613000610f98009e099000a3019000330f980012
:106140001e0a900044029000140798009e0a9000d6
:10615000b5029000052798003204be002205be005b
:106160006022b8006033b8000800be000a01be001b
:106170009f0407000000e00003003d000bf0a200b8
:10618000d0c2b300040037004e0b90000628a300d5
:1061900009003200b0c2b3008e239000804b78001b
:1061a0003e0890000000e900700f980011002000e8
:1061b000510f9800100037004e0990000238a300dc
:1061c0000900320000c2b3008e219000804978009f
:1061d0003e0a90000402e900740f980015002000a8
:1061e000550f9800040037003e0b9000760f980082
:1061f0008003eb00570f98000800be000a01be00a4
:10620000c0ff0700f4ff2f00f5ff2f00f6ff2f005f
:10621000f7ff27000402600085826000060361002a
:10622000878361006000b8000200200003ff2700a0
:106230000020e10001a8e10002b0e10003b8e100a4
:1062400011003a000e4890008000fb001104b100dc
:106250000e219000de09900003004100f98f5000ec
:1062600002003e0001182100010037004118210002
:10627000250407004018210087fc07005e0a9000f3
:1062800004014000150037000020e10001a8e100f2
:1062900002b0e10003b8e100130036008e4a90001e
:1062a0008500fb001104b1000e239000de0b90006e
:1062b00007004300f98f500002003e0081182100c2
:1062c00001003700c11821000f040700c018210089
:1062d00071fc0700de089000010140004e0a9000aa
:1062e000be099000500237006022b8006033b80049
:1062f0000800be000a01be003d0407000000e000e7
:106300006a0032006022b8000600200007ff230068
:10631000441798005517980066179800771798004b
:106320008006eb000800be000a01be00001f9800b6
:10633000111f9800221f9800331f98000e2690000e
:10634000070037008d06e8000802be000a03be0001
:10635000441798005517980066179800771798000b
:106360006022b80006002000470224004e10900072
:10637000de1090006e119000fe119000c105070024
:106380000004be000205be000002be000203be0003
:106390000e1890009e1890002e199000be199000c3
:1063a000130407000000e000e6ff3d000c27980002
:1063b0000006eb004e149000de1490006e15900065
:1063c000fe1590002500370040ed2f00808f56000d
:1063d00019003d000c00e00016003a006022b800f1
:1063e00006002000073524000e1890009e1890002b
:1063f0002e199000be199000a20507000002be00f1
:106400000203be00041f9800151f9800261f980065
:10641000371f98006022b8000600200007352400ce
:106420000800be000a01be00960507000004be0079
:106430000205be001c0020006022b80006002000fb
:10644000470224000800be000a01be00de04070067
:106450000004be000205be008d06e9000802be0071
:106460000a03be000e1890009e1890002e1990008e
:10647000be199000de0307000000e000d2ff3500e7
:106480000800be000a01be0040179800511798008e
:1064900062179800731798000e1c90009e1c9000c5
:1064a0002e1d9000be1d9000080037006022b8002d
:1064b0000600200007ff2300441798005517980096
:1064c00066179800771798008006eb008e4a9000b8
:1064d0000500fb0008fc0700104f98006e0b9000b1
:1064e000600020000600e000010035006e0890000a
:1064f00071c6b3009e4b900081cf53000a003a0052
:10650000ee0890000100e000cf013200cf0137001b
:106510008d0f5000d3013c00001f980052c6b300fd
:10652000425f98001e0037009e499000435f98002c
:106530000200370064c6b300445f98000000e80022
:10654000001f980060c6b300ce5a900080cf520062
:1065500013003a000d00e00008003d006000b800a4
:106560000200200003ff23004017980051179800f5
:1065700062179800731798008006eb0061c6b3009d
:10658000415f980070c6b3001e499000804f5100d3
:10659000030032008e1990008d814100031f980086
:1065a0004e129000de1290006e139000fe139000c9
:1065b000441f9800551f9800661f9800771f980089
:1065c0000800be000a01be000017980011179800cd
:1065d00022179800331798000006eb000802be004f
:1065e0000a03be00540798006507980076079800d4
:1065f000070f9800310037004e1a9000de1a900005
:106600006e1b9000fe1b90000e1090009e109000dc
:106610002e119000be1190006b0407005f07070069
:106620000004be000205be00ae0307008002780031
:10663000250f98004e1a9000de1a90006e1b9000f5
:10664000fe1b90000800be000a01be000d050700f9
:106650000e1290009e1290002e139000be13900018
:10666000080407000002be000203be0007f0a200fb
:1066700004179800151798002617980037179800e8
:106680006022b80006002000470224004e18900047
:10669000de1890006e199000fe1990004a04070061
:1066a0000002be000203be00441f9800551f980060
:1066b000661f9800771f98000c06e8008e1a90005d
:1066c000850f5600ccff35005e049000ee0490006c
:1066d0007e0590008e0d90006022b800060020001c
:1066e000470124004e189000de1890006e199000ab
:1066f000fe199000e30407000002be000203be0082
:10670000441f9800551f9800661f9800771f980037
:106710000e1090009e1090002e119000be1190005f
:10672000330307000000e0000f0035004e1a900010
:10673000de1a90006e1b9000fe1b90000e10900061
:106740009e1090002e119000be11900028030700ab
:106750000000e00011003a00ae0a90000508a30016
:10676000080032000d0037006000b8006011b8006a
:10677000401f9800511f9800621f9800731f9800d7
:10678000060037006022b8006033b800441f98004c
:10679000551f9800661f9800771f98004e1a9000aa
:1067a000de1a90006e1b9000fe1b90000800be00d9
:1067b0000a01be00b90307000002be000203be00ca
:1067c0000417980015179800261798003717980097
:1067d0006022b80006002000470224004e109000fe
:1067e000de1090006e119000fe119000a5040700cd
:1067f0000004be000205be000002be000203be008f
:106800000e1090009e1090002e119000be1190006e
:10681000fc0207000000e000090035008d06e800da
:1068200060c6b300ce5a900080cf520008003a00f4
:106830000e1b90000603e800061f980011003700a9
:106840004e149000de1490006e159000fe1590001e
:1068500050c6b3004e599000804f510009003a00d5
:106860000802be000a03be00441f9800551f98008e
:10687000661f9800771f98008002eb00451798006c
:10688000070037000800be000a01be00401f980044
:10689000511f9800621f9800731f98004d179800b1
:1068a0005e0e90000001eb00220f98003207980066
:1068b000520798000d0f78006a0037004e1a9000ba
:1068c000de1a90006e1b9000fe1b90000e109000d0
:1068d0009e1090002e119000be119000ba03070088
:1068e000ae0607000004be000205be00fd02070060
:1068f000e90f50000100340090002000ce09900004
:106900000348a3000c003a000000e0000a003a002f
:1069100071c6b3001e4a9000814f520006003a0033
:10692000ce1290000500e00003003d002e0b900009
:106930008606e80023003700be0390000700e00051
:106940000c003a00ce1090000100e00009003d006c
:10695000e1c2b3000e21900001717e000c06e80038
:10696000fe0990008301e900730f980014002000d5
:10697000340798008e2290000c814200ae0e9000e9
:10698000850178000300370001c3b3000159780086
:106990008d06e9000d00e000fbff3a000327980098
:1069a0002e0b9000060646000043b00080717e006a
:1069b0000c06e8000680ea00fe0b9000808343008e
:1069c000770f98004e1a9000de1a90006e1b900010
:1069d000fe1b90000800be000a01be00290407004b
:1069e0000e1290009e1290002e139000be13900085
:1069f000240307000002be000203be0007f0a2004d
:106a00000417980015179800261798003717980054
:106a10006022b80006002000470224004e189000b3
:106a2000de1890006e199000fe19900066030700b2
:106a30000002be000203be00441f9800551f9800cc
:106a4000661f9800771f9800ce1290008502e9001b
:106a5000451798005e0390000603e800560798006b
:106a60002d0f9800de0390000e189000808f5300c9
:106a700005003d009e089000410090006500500018
:106a8000800f56008dff39009e0678003e01900071
:106a90000200e00007003a00ce0990000348a3007e
:106aa00004003200e0c2b3000e22900000727e00ab
:106ab0000c06e8008e2290000c8042000048eb009b
:106ac00051c6b3004e5b9000814f530038003a002e
:106ad0009e0390008700e9000041eb0082f27800fd
:106ae0008001eb000d00e00002003d008d06ea0091
:106af000130020002200200001037800fe0a90000d
:106b00008e239000000478000a003700010378000b
:106b1000a4002000110009008406d80001027800ba
:106b2000800678000443b00084737b000201e90012
:106b30008502e9008600e9000d00e000f3ff3a005d
:106b40000200e000f1ff3c00750f98000727980055
:106b50000800780001824300b2c2b3000300e000e5
:106b600001003200d2c2b300024a78000101e900fc
:106b70008e219000828041008e4a90000502fb0029
:106b80001404b10053c6b300f90f520001003e00d7
:106b900053c4b300834878007e0b90000683e9005d
:106ba000760f9800820f560001003d00d6010700c5
:106bb000ce0b900063806300e20f500015003a0096
:106bc0007e0890000000e000120034000e209000cb
:106bd00031fa07008e219000040037007e099000f2
:106be00082804100e37078000000e900de0a900036
:106bf000850f5000f9ff3d000327980005804100f4
:106c00007e09900001032000d1ec07000003eb0097
:106c1000360f98000e2090001ffa07004e0a9000d1
:106c2000be099000000178008e2090002e00900098
:106c30001ef807004f06be004f05be004f04be0001
:106c40000080fa000000060010002000e48f4600db
:106c50002ffe3d00001f980057c6b300475f980005
:106c60004ffe37000d00e00032fe3500001f980097
:106c700042fe37000200fa00889fbe008a9fbe00d5
:106c80008005780001047800020078001801900067
:106c90002805900098007800b1bf9f00b8049000cc
:106ca0000200e000020035000110a100b1bf9f000a
:106cb000ea815700820020008a0078003002be007e
:106cc0002003be0008007800490007003fb9970084
:106cd000f0006100030032000000e90001c3b300ce
:106ce000817478003fb99700e8006100030032002a
:106cf0000000e90001c2b3008174780048019000ef
:106d00000201e90000015100808044003fba970071
:106d10008a0178000b007800e4f707009b009000e0
:106d20000188a3000400320098009000810f5000f9
:106d300001003d00010078004f05be004f04be0079
:106d40000080fa0000000600ea874700889fbe0026
:106d50008a9fbe008e1f7800000478000300780030
:106d60007287570084e2260055c72600049fbe00a4
:106d7000c3962200030f78006c875700004feb008a
:106d800011059000a1049000910578000200e00038
:106d900002003200020778000100370072875700b6
:106da0000000e00002003a000e007800baf9070087
:106db0000a00e000030035008a0f50000100360091
:106dc0000a0078000b027800890178000001780041
:106dd0008e00780008007800b4f707004f077800ad
:106de0004f05be004f04be00af00b100000006001a
:106df000f4874700889fbe008a9fbe008c9fbe001c
:106e00008e1f78000605be000404be0081bf9f00ef
:106e100082b79f00f3b79f00b0009000e1b79f00da
:106e20001301780092b79f009006900040009000f8
:106e30000000e900000678000d00e00001003d00c0
:106e40001d0020008040eb00efb1970081717800b9
:106e50001e0020001f0037000c06e9000fb097004d
:106e6000cf80de006109b900a0b79f00b1b79f00d5
:106e7000c2b79f00d3b79f000203be000002be004e
:106e80000800be000a01be00bfea07000007780044
:106e90000e4078000043b000efb0970080707e0095
:106ea0008d06e9000fb997000201e90082bf9f003b
:106eb0002fb29700bfb297004fb39700dfb3970090
:106ec0000800be000a01be00a8ea07000205be00d5
:106ed0000004be000c00e0000d003400e00f540080
:106ee000e08f5c00e00f5d00e08f5d00daff3a00ac
:106ef0000d00e000d8ff3c008fb997000300e000d0
:106f0000030034001fb097000018a300d2ff3a001e
:106f10000e00e00002003a00ffb097001140a1000f
:106f20000c0078004f0778004f06be004f05be00ea
:106f30004f04be004f01b100000006000200fa003d
:106f4000889fbe008a9fbe0000057800010478007b
:106f50000200780018019000a804900098007800c2
:106f6000b1bf9f00b80590000200e00002003500ac
:106f70000110a100b1bf9f00ea815700a2002000cc
:106f8000890078003002be002003be0008007800af
:106f900097ff0700480190000201e900000151003d
:106fa000808045003fba9700890178000a00780088
:106fb0003ef707009a0090000188a3000400320009
:106fc00098009000810f500001003d000100780002
:106fd0004f05be004f04be000080fa00000006000e
:106fe000fa874700889fbe008a9fbe008c9fbe0024
:106ff0008e1f7800800478000104780082057800f4
:10700000180190002805900018077800b80090003b
:107010000200e000020035000e10a1000100370060
:107020001200200070006700e0b79f0009003200e6
:107030003b02be002b03be00e00f5200e08f5a005f
:10704000e00f5b00e08f5b00020032008a86e900ff
:10705000010037008a067800e8026700f5b79f0054
:10706000010032008d06e9003b02be002b03be008a
:10707000e4af9f00f5af9f0086b79f0097b79f00d2
:10708000480690000c06e9000040eb0080707e008e
:10709000efb297007fb297008903780081047800ef
:1070a000d8af9f00020478008bbf9f008a0578004c
:1070b000034578002a0037000c06e9006fab970003
:1070c0006f006300e90f500002003c000003b000b5
:1070d000010037007005b0000a03fb001604b10080
:1070e000f90f53000c003e00000378000650a0008a
:1070f0001606b100f90f530007003e00b4b79f0019
:10710000a5b79f00c7b79f0086000700cfb39700c1
:10711000afb297003fb2970080747e000804e90088
:107120008d06e9006fa89700ffa897000fb19700a0
:107130009fb19700460020008301d1000281d30057
:107140008180d3000080d3000603e900faff3a00f3
:10715000e0af9f00f1af9f0082b79f0093b79f0001
:10716000e10f56000f0034006fa89700ffa89700aa
:107170000fb197009fb19700e00f5000e08f5800cb
:10718000e00f5900e08f5900cbff3a000800e00003
:10719000c9ff3c000d00e000020034000e18a300ff
:1071a000c5ff3a0089007800f4b79f008704780093
:1071b0005fac97008a4178000b0578008fbd97007f
:1071c0000500e000100032003b02be002b03be00b1
:1071d000e4af9f00f5af9f0086b79f0097b79f0071
:1071e000e00f5200e08f5a00e00f5b00e08f5b0081
:1071f000050032000c06e90083707e000c06e900f1
:1072000000c3b30080707e00ffb297000500e0006d
:10721000030032000c06e90000c2b30080707e005b
:10722000480190000201e9000c0151008c804000ef
:107230000e0278008a017800090078009bf60700aa
:10724000990090000188a30004003200980090008b
:10725000810f500001003d00010078004f077800c9
:107260004f06be004f05be004f04be00af01b10087
:1072700000000600881f7800000478004860900035
:107280008040e90000c0700040649800d800900081
:1072900068009000808f500005003600b80990000b
:1072a0000001eb0082007800080078000300010074
:1072b0000000eb00200c9800600498005004980037
:1072c000980090000118a300030032000140a000c4
:1072d0001104980008003700280190003800900041
:1072e0000000410000149800700c98000000eb00b2
:1072f0000138a300010032000080eb004f04780049
:107300000000060010003700881f78000004780095
:107310000800780016000700080078004f04780085
:1073200000000600f1f92f0080804000f98f500026
:1073300001003e00f005b20000000600f9ff370032
:107340000000060000000500fdff0700908c800093
:107350008000eb00fbff0700908c80008000eb00ba
:10736000f8ff0700908c80008000eb00f5ff3700ed
:107370000101780080017800008268000408a30001
:107380000500320013003700324078008059780041
:107390000004e00014003200030278000208a30099
:1073a000f9ff3a0003007800010037000318780065
:1073b00082007800b2017800f5ef2f00838242004e
:1073c0000382ea00048262000508280005026200c8
:1073d000f6ff320000027800314178000258780050
:1073e0000204e000fbff3a00040078000000060001
:1073f0008f1fd100c40207008f87e9000000e00062
:1074000000000600809feb00bf0207008f87e900a5
:107410000000e00000000600839f68000100e0001b
:1074200002003d0060001000e08018000300e00052
:1074300002003d0060011100e08119004de50700e8
:107440004f00e00002003b0060001000e0801800e8
:1074500000000600801feb00ab0207008f87e900e9
:107460000000e00000000600810378002ce5070022
:107470000001be006000b8000478a30013003a00c9
:107480006220e10015003e000d0039008301d100ab
:107490000281d3008180d3008301d1000281d30017
:1074a0008180d3008301d1000281d3008180d30089
:1074b0000538b000c42add00f300b20083817200f9
:1074c00007f0a70003f0a0000000060083ff2700dc
:1074d000020020006110b900f9ff370003ff270008
:1074e000f7ff37001400fa00889fbe008a9fbe0095
:1074f0008c9fbe000004be000205be00680047006d
:107500000a90be000890be00ba0207000070a700f3
:107510000bf0a100304320009e02900080825200b8
:10752000b0fe2f000028e10011003d00b0fc2f004c
:107530000028e100150034001e0990008e0890001c
:107540007e0090000501b0000201d1008180d300cf
:107550000080d3008502e800fbff3a000b00e0004a
:10756000df023b0060001000e0801800dc02370002
:10757000f0ff2f00f1ff27000b00e000d8023b00d6
:107580000100280000002000d50237006000b8008c
:10759000d30237004f89de0082017800d502370020
:1075a0004f89de0082017800e20237006011b800e6
:1075b000f00237001400fa00889fbe008a9fbe00c8
:1075c0008c9fbe000005be000206be00680047009a
:1075d0000c90be000a90be00860207006400e10025
:1075e0001a00320016003e006100e1001a0032006d
:1075f0006e049000fe0490000e0b90009e0b900015
:107600006011b8009e0590000b38b100d501200034
:1076100082817100610164008703d1000683d30079
:107620008984d3000884d3008502e900f8ff3a007a
:1076300095e407000df0a70001f0a000a8023700b4
:1076400001fc270000002000faff370001f82700a6
:1076500000002000f7ff37006000b800f5ff37009a
:10766000c4e407000400be0000000600020ab900de
:10767000001bb9000200b8008100420081004300f5
:10768000000006008c9fbe008a9fbe00889fbe003f
:10769000ca0107000bf0a200040037008c9fbe0057
:1076a0008a9fbe00889fbe00c40107000c48e1000d
:1076b0000b003a000c40e100020032008b01070091
:1076c000400037008b066d003e0032000af0a1003a
:1076d000f3012000f2ff2f006110b90039003700dc
:1076e0000c40e100370032000940e10001003600a3
:1076f0007e0107008a856d00cf5dde000b057500f9
:107700000006eb008804fd008904540001003200eb
:107710007d0107000a04e00011003a000800e000c3
:10772000280032000400400085804800060149001e
:10773000878149000358a300180032008301d1005b
:107740000281d3008180d3000080d3000c86d30057
:1077500001003900610676000804e80018003700cf
:1077600004005000858058000601590087815900a7
:10777000060031000af0a2000c06ea0060001800c2
:10778000e080180060011900e081190003003a0050
:107790000004eb000005eb000a0037000348a300db
:1077a00007003a000c0646000000480081804800af
:1077b00002014900838149000804e900f7ff37000e
:1077c000af013700c90137008c9fbe008a9fbe0001
:1077d000889fbe00790107000b056d000940e1009c
:1077e0000a003a000800e000020032000c40e1000c
:1077f00006003a000af0a1000c047800f301200012
:10780000f2ff2f006110b9009d0037000c40e1002d
:107810009b0032000800e000990032000c48e100b3
:1078200002003a000004eb00030037000900e0000a
:1078300004003a000c0478006000b8006011b80041
:107840008f0037000348a30006003a000000400004
:107850008180480002014900838149000804e90051
:10786000f8ff37000748a30006003a000402420070
:1078700085824a0006034b0087834b008904e90098
:10788000f8ff3700fd3f20008d84540009045400a8
:107890008a1f7800881f780000047800810478002f
:1078a00002057800830578006000b8006011b80018
:1078b0000d042000050037000804440089844c00b2
:1078c0000a054d008b854d0008003100040454006a
:1078d00085845c0006055d0087855d008381d2009c
:1078e0008d06d300f4ff3b0007003700040444007a
:1078f00085844c0006054d0087854d008381d200ac
:107900008d06d300ecff3b000804440089844c0042
:107910000a054d008b854d00080031000404540019
:1079200085845c0006055d0087855d000281d200cc
:107930008d06d300f4ff3b00070037000404440029
:1079400085844c0006054d0087854d000281d200dc
:107950008d06d300ecff3b000804440089844c00f2
:107960000a054d008b854d000800310004045400c9
:1079700085845c0006055d0087855d008180d200fe
:107980008d06d300f4ff3b000700370004044400d9
:1079900085844c0006054d0087854d008180d2000e
:1079a0008d06d300ecff3b000804440089844c00a2
:1079b0000a054d008b854d00080031000404540079
:1079c00085845c0006055d0087855d000080d2002f
:1079d0008d06d300f4ff3b00070037000404440089
:1079e00085844c0006054d0087854d000080d2003f
:1079f0008d06d300ecff3b000b00e00004003d00cf
:107a00000404440085844c0006054d0087854d0024
:107a10000006eb008301d1000281d3008180d300f6
:107a20000080d3000c86d3008301d1000281d300f3
:107a30008180d3000080d3000c86d30089047400b9
:107a40008b0575008b84740001003200610676009e
:107a50004f0478004f0578000348a30007003a0060
:107a60000c064600000048008180480002014900e1
:107a7000838149000804e900f7ff3700000137005f
:107a80001a0137008c9fbe008a9fbe00889fbe00ef
:107a9000ca0007000b056d008a0578000c40e10064
:107aa00008003a000900e00082003a000af0a10054
:107ab0000c047800f3012000f2ff2f006110b900e0
:107ac0007c0037000c48e10004003a008700070002
:107ad0000900e00077003a00f4ff37000800e000fa
:107ae000740032000900e00002003a007f00070045
:107af00070003700ed3f20008d84540009044400dd
:107b00008a1f7800881f7800871f7800861f7800fa
:107b1000851f7800841f7800cb19dd00c515de00b5
:107b20008b8571004b11dd00450dde000a057100eb
:107b3000cb08dd00c504de00898470004b04dd0045
:107b40000440b8000546b8008c80400060814e00bb
:107b5000044eb8008c8040000d0149008001eb000c
:107b60000318ad000456b8000c0141008d81490096
:107b70000002eb000420ad000646b8000c014100f5
:107b80008d81490060024a00054eb8000c01410099
:107b90008d81490060024a000556b8008c81410081
:107ba0000d024a008002eb000528ad000746b80030
:107bb0008c8141000d024a00e0824a00064eb80066
:107bc0008c8141000d024a00e0824a004f06780095
:107bd0000c5eb8008c8141000d024a00e0824a0030
:107be0000656b8000c0242008d824a000003eb00ea
:107bf0000630ad00074eb8000c0242008d824a00ec
:107c000060034b004f0678000c5eb8000c02420087
:107c10008d824a0060034b000756b8008c824200f8
:107c20000d034b008003eb000738ad004f067800d2
:107c30000c5eb8008c8242000d034b00e0834b00c9
:107c40004f0678000c5eb8000c0343008d834b0098
:107c50004f0478004f0578000748a3000a003a0057
:107c600000004000818048000201490083814900f2
:107c700004024a0085824a0006034b0087834b00ba
:107c80000804e900f4ff37000306780080807000e4
:107c90008280700001003200610676008701780062
:107ca00006017800850078000400780088047800d8
:107cb000780037008d0037008c06460002003a003d
:107cc0000000a6000000060060004800e0804800b8
:107cd00060014900e08149000350a6000000060051
:107ce0008301d1000804e800000006000002fd0046
:107cf0008102fd000203fd008303fd008804fd00f6
:107d00008a05fd00000006007048e1001a003900f5
:107d10007d0320000d48e1000a0039008105700054
:107d2000830671008c8575008d8575000006eb005b
:107d30000cd8e700610676006000b8006011b8005a
:107d4000000006007048e1000b0039008c05780047
:107d500000067800010078008200780003017800b6
:107d60008001eb0003d8e70061067600f084540040
:107d7000f4ff3a00000006006160e1000c48ad002d
:107d8000f08514008b06dd000966de000d06760026
:107d90008b0edd000900de000d0070008b16dd008b
:107da0008908de008d8070008b1edd000911de0069
:107db0000d0171008919de00000006000d00280089
:107dc000fc7f20000d856100441cde00ef81610016
:107dd0000c046400010032000340a0008d856300a4
:107de000c43cde00ef8363008c8464000100320039
:107df0000740a0000c40e10006003a00ef86610059
:107e000082867600818676008086760001003200c8
:107e1000180037000c48e10007003a00ef866300c5
:107e2000868676008586760084867600020032009b
:107e3000aeff07000f0037000348a30005003a001b
:107e4000810670008286760083867600010032000b
:107e50000804e8000748a30005003a008506720000
:107e60008686760087867600010032008904e80065
:107e700000000600cf047800cf0578001b00370013
:107e80000002780081027800020378008303780002
:107e9000880478000cf0a70087ff0700fd7f200012
:107ea0000d40e100040035000d0478006000b800ca
:107eb0006011b8000d0037000800e0000b003c0026
:107ec00004007800850078000601780087017800ba
:107ed000e18414008cff07000cf0a70076ff070078
:107ee0000004eb000340a7000804e8004444dd0060
:107ef0006fc56100880175004f04be004f05be00cc
:107f00004f06be0000000600889fbe008a9fbe008c
:107f10008c9fbe000404be000605be00809fbe000c
:107f2000829fbe0021000700040678000800be0002
:107f30000a01be001d000700840678004f03be0042
:107f40004f02be008d4f76007fb0970013003300c4
:107f5000f0ff2f008b8f6b0006003b000d066600c4
:107f60000c00a7000a00370007f0a6001000200050
:107f70000a003700880f5200898f5a008a0f5b0071
:107f80008b8f5b00030039001000200001003e00d1
:107f90000000200007f0a7000000ea004f06be0026
:107fa0004f05be004f04be000000060005ff27007d
:107fb00005826100070032000428e1000100320060
:107fc000240005000600070001003a0044000500f7
:107fd0000408050002000700f9ff3a00140005003c
:107fe0006f8261008102700085027100850272005b
:107ff00000000600800078005002be005003be0062
:108000004439de00f700b200f37f20000301610075
:10801000090032000218e10016003a0085017200e2
:1080200083017300838173000008200015003a006b
:1080300040002000130037008501720083017300a7
:108040008381730005003a0004a8be0006a8be00a4
:10805000100020000b0037000201e900040242007a
:1080600085824a0006034b0087834b000748a30024
:10807000f9ff32000740a00004a8be0006a8be0019
:108080002000200080009800920098000000060068
:10809000680447000294be000094be00fc04470040
:1080a0008694be008494be0009007800d1ff0700ca
:1080b00008007800cfff070099007800814f70001a
:1080c0000b003b000800be00810007004f00b1001c
:1080d00003003700f3ff2700f2ff2f006110b90003
:1080e0004f06be004f05be004f04be000080fa00e0
:1080f00000000600881f7800030478000300e000f9
:1081000007003d0060001000e080180060011900c9
:10811000e081190002003b0001f02d000300370050
:108120001400070008f0a70003f0a0004f04780037
:1081300000000600881f7800030478000300e000b8
:1081400007003d0060001000e08018006001190089
:10815000e081190002003b0001f02d000300370010
:1081600098e1070008f0a70001f0a0004f04780094
:1081700000000600889fbe000082700004027100ab
:10818000048271002400320036432000c500200024
:108190008383cf000a0039000541b1008283cf00fc
:1081a000070039000541b1008183cf000400390088
:1081b0000541b1008083cf00010039000541b100c5
:1081c00085c353006022b800120032000a003b0051
:1081d00084827200610260008301d1000281d300b9
:1081e0008180d3000080d3000603e8008743e800c5
:1081f000f7ff3a0007003700000040008180480088
:1082000002014900838149000603e9008743e90030
:10821000f9ff3a00020007004f04be00000006000c
:108220001800200057002000080453000d003d00f6
:108230000600200097fc2f000740e1001e003400dc
:1082400084827200610260008301d1000281d30048
:108250008180d3000080d3000804e800f8ff3a00d2
:1082600047002000610460000504740004046400f9
:108270000d00320061004000e080480060014900cc
:10828000e081490003b8a500070032000603e800ba
:108290006538e10004003a008301d1000281d30077
:1082a0008180d3000080d300f87f20000830e100f7
:1082b00003003500080378006000b8006011b800c2
:1082c0004433dd00f300b2008301730000000600b8
:1082d000e48240001078a3000700320064024000ee
:1082e0001178a3003400be001401be000400320067
:1082f0000330a700000006003500be001501be00d7
:108300000330a00000000600889fbe008a9fbe00c8
:108310000004be000205be006000b800020020009c
:1083200003002800000262008182620002036300f1
:1083300083836300f0ff2f00f1ff2f00f2ff2f0077
:10834000f3ff2700000064008180640002016500e3
:108350008381650000007200818072000201730059
:10836000838173004f05be004f04be00000006006d
:10837000f4ff2f00f5ff2f00f6ff2f00f7ff270077
:10838000040260008582600006036100878361004b
:108390000400be000601be00000006001800fa003e
:1083a000889fbe008a9fbe008c1f78000004be001c
:1083b0000205be000802be000a03be00443ade0009
:1083c000f07f20000006620020432000800f56004e
:1083d00067003c006022b8006033b8000800be00af
:1083e00003fc07000000e000610032000802be004c
:1083f0000a03be00b4b79f00c5b79f00d6b79f0061
:10840000e7b79f00e00f5200e08f5a00e00f5b00db
:10841000e08f5b000b003d006022b80006002000ea
:10842000073324000800be000a01be0095fc0700c7
:108430006022b800060020000733240097fc0700e4
:108440000a0037006022b80006002000073324002d
:108450000800be000a01be0090fc07006022b800c0
:10846000060020000733240086fc07000802be0037
:108470000a03be0083fc07000002be000203be0028
:10848000f4b79f0085bf9f0096bf9f00a7bf9f00c6
:10849000e03f2000800f560017003c007fb097009f
:1084a0008fb897001fb99700afb99700f0af9f0042
:1084b00081b79f0092b79f00a3b79f006044b800a8
:1084c0006055b8003fb29700cfb297005fb39700f6
:1084d000efb39700e00f5200e08f5a00e00f5b000f
:1084e000e08f5b0022003d006044b8000a002000dd
:1084f0000bff2b001e0037006022b8006033b8006d
:108500007fb097008fb897001fb99700afb9970059
:10851000bcfb07000000e0000c0034007fb29700b5
:108520008fba97001fbb9700afbb97000800be0033
:108530000a01be0059fc07006022b80006002000b6
:1085400007ff23004ffc0700070037007fb29700aa
:108550008fba97001fbb9700afbb97000800be0003
:108560000a01be004dfc07000004be000205be006b
:108570000800be000a01be004f0678004f05be008d
:108580004f04be000080fa00000006000000060054
:108590002f03b000889fbe008a9fbe008c9fbe0044
:1085a0008e1f78000004be000205be000400be005d
:1085b0000601be00d0b79f00e1b79f00f2b79f0051
:1085c00083bf9f000203be000002be00d4af9f0025
:1085d000e5af9f00f6af9f0087b79f000400420001
:1085e00085804a0006014b0087814b00d0a79f0081
:1085f000e1a79f00f2a79f0083af9f00e00f50000c
:10860000e08f5800e00f5900e08f59003100320030
:108610005fb09700efb097007fb197008fb99700d8
:10862000daff07000203be000002be0090af9f0009
:10863000a1af9f00b2af9f00c3af9f00f0ff2f001c
:10864000f1ff2f00f2ff2f00f3ff2700000262006e
:1086500081826200020363008383630094a79f000a
:10866000a5a79f00b6a79f00c7a79f006000b800fe
:108670000200200003ff27000020e10001a8e10024
:1086800002b0e10003b8e10012003e000800be00a5
:108690000a01be0090af9f00a1af9f00b2af9f0044
:1086a000c3af9f004418de006011b8008000eb00eb
:1086b00090a79f00a1a79f00b2a79f00c3a79f00fc
:1086c000f07f20009fa2970000866200800f560076
:1086d0000b003a005fb29700efb297007fb39700ac
:1086e0008fbb97000800be000a01be00e5fc070032
:1086f0000002be000203be0033fc07001b0037006f
:108700001fa89700afa897003fa99700cfa997008f
:108710000000400081804800020149008381490037
:1087200090a79f00a1a79f00b2a79f00c3a79f008b
:108730005fa29700efa297007fa397008fab9700ef
:108740000400e1000588e1000690e1000798e100df
:1087500009003e001c013a006022b8006033b800f6
:108760000800be000a01be00c6fc07000004be00ef
:108770000205be00140137000c00e00023003a009f
:108780001fa89700afa897003fa99700cfa997000f
:10879000c50020000000d0008180d2000281d200fc
:1087a0008381d2008502e900faff3a000500370014
:1087b0000c06e900000040008180480002014900e9
:1087c00083814900e00f5000e08f5800e00f59000e
:1087d000e08f5900f6ff3d00610016001faa9700c8
:1087e000afaa97003fab9700cfab97000000e9001e
:1087f000050033000402d0008582d2000683d20037
:108800008783d200f9ff37001b003700f4ff2f00e9
:10881000f5ff2f00f6ff2f00f70020001fa897009c
:10882000afa897003fa99700cfa997000400600068
:10883000858060000601610087816100d0a79f00ec
:10884000e1a79f00f2a79f0083af9f006000b800e0
:1088500002002000030120005fa29700efa2970012
:108860007fa397008fab9700000272008182720095
:10887000020373008383730094a79f00a5a79f0042
:10888000b6a79f00c7a79f005faa9700efaa97000f
:108890007fab97008fb39700443ade00fd7f200046
:1088a0008d0662002f003a005faa9700efaa97009a
:1088b0007fab97008fb39700ce0020000402d0005a
:1088c0008582d2000683d2008783d2000e07e9009a
:1088d000faff3a001fa09700afa097003fa19700b2
:1088e000cfa19700050037008d06e9000402420081
:1088f00085824a0006034b0087834b00e00f52003d
:10890000e08f5a00e00f5b00e08f5b00f6ff3d0058
:108910000203be000002be00618716005fa8970038
:10892000efa897007fa997008fb197000e07e90085
:10893000050033000000d0008180d2000281d20007
:108940008381d200f9ff3700d0af9f00e1af9f00d5
:10895000f2af9f0083b79f000400be000601be0077
:108960001b0037005fa89700efa897007fa997002a
:108970008fb19700f4ff2f00f5ff2f00f6ff2f00b7
:10898000f70020000400600085806000060161009f
:10899000878161006022b8000600200007012000e6
:1089a00004007000858070000601710087817100ed
:1089b000d0af9f00e1af9f00f2af9f0083b79f0051
:1089c0001fa09700afa097003fa19700cfa19700ed
:1089d0000802be000a03be00d4a79f00e5a79f00bf
:1089e000f6a79f0087af9f0012003700e00f5200ec
:1089f000e08f5a00e00f5b00e08f5b00080035005d
:108a000005003a005fa49700efa497007fa59700a8
:108a10008fad970050ff37000400be000601be0076
:108a20000000400081804800020149008381490024
:108a30000c06e9005fac9700efac97007fad9700a4
:108a40008fb5970008025000898258000a03590028
:108a50008b8359008d0f5600e4ff3c0090a79f00c8
:108a6000a1a79f00b2a79f00c3a79f005fa4970084
:108a7000efa497007fa597008fad9700e00f5200fd
:108a8000e08f5a00e00f5b00e08f5b0008003d00c4
:108a9000120037000400be000601be0094a79f002c
:108aa000a5a79f00b6a79f00c7a79f000b00370090
:108ab000e00f5200e08f5a00e00f5b00e08f5b0098
:108ac000f4ff3a0024ff3700000040008180480096
:108ad00002014900838149000c06e9000203be003f
:108ae0000002be00443ade006033b8008002eb00b2
:108af000e00f5200e08f5a00e00f5b00e08f5b0058
:108b0000f1ff320090a79f00a1a79f00b2a79f008e
:108b1000c3a79f000c00e000110034006022b800e1
:108b20000600200007ff2f00040240008582480055
:108b300006034900878349006164b900614db900ab
:108b4000c445dd000005eb006044b800040074007b
:108b50008580740006017500878175000c00370060
:108b6000610616001fa09700afa097003fa19700d5
:108b7000cfa197000c06e900050033008301d10066
:108b80000281d3008180d3000080d300f9ff370039
:108b90001fac9700afac97003fad9700cfad9700eb
:108ba0004f5cde00cfc4de00614db900cf45dd0073
:108bb0000005eb006044b800080470008984700070
:108bc0000a0571008b8571000800be000a01be0015
:108bd0004f0778004f06be004f05be004f04be0091
:108be0002f03b10000000600889fbe000204780039
:108bf000f9072000890f54000d0034000200200006
:108c000003f0270038e10700f807b100890f54008e
:108c1000170034000200200003f0270032e10700b3
:108c2000f807b100890f540010003c001000370015
:108c300029f82f00890f54000d003d00020020008c
:108c400003c8200028e107006806b000890f54001f
:108c500007003d000200200003c8200022e10700b9
:108c60006806b000890f540001003d000904780037
:108c7000f207200008014100cf91de00c711dd009e
:108c80000200200018e107004f04be0000000600ab
:108c9000889fbe0004047800f93f2000890f54002b
:108ca0000f0034006022b8000600200007fe2700f5
:108cb00074fb0700f83fb100890f54001a0034001c
:108cc0006022b8000600200007fe27006dfb0700a9
:108cd000f83fb100890f540012003c001200370029
:108ce00029c02f00890f54000f003d006022b800fa
:108cf000060020000736200062fb0700983cb00009
:108d0000890f540008003d006022b80006002000d2
:108d1000073620005bfb0700983cb000890f540029
:108d200001003d0009047800f43f200008024200e1
:108d3000cfa2de00612bb900c423dd000003eb00ed
:108d40006022b8004ffb07004f04be000000060081
:020000040000fa
:04009400ec0200007a
:020000040000fa
:0400ec0014030000f9
:020000040000fa
:0400f0003a030000cf
:020000040000fa
:020000040001f9
:0457fc003e3f00002c
:020000040000fa
:020000040001f9
:0457f8009f79000095
:020000040000fa
:108d5000000000000000000000000000005f0000b4
:108d600000000000040300000004000003140000e1
:108d70007f1400007f140000242a00007f2a0000d6
:108d8000126300001308000064630000304e00000e
:108d9000512e0000500000000403000000000000fd
:108da000001c0000224100000000000041220000e1
:108db0001c0000002a1c00007f1c00002a08000084
:108dc000083e0000080800000040000030000000dd
:108dd000000800000808000008080000006000000b
:108de00060000000006000001008000004030000a4
:108df0003e510000494500003e000000427f000057
:108e0000400000004261000051490000462200007d
:108e1000414900004936000018140000127f00008c
:108e20001027000045450000453900003c4a00007d
:108e300049490000300100007109000005030000ed
:108e40003649000049490000360600004949000043
:108e5000291e00000036000036000000000000005f
:108e600056360000000000000814000022410000f7
:108e7000001400001414000014140000004100004d
:108e80002214000008020000015100000906000041
:108e90003e4100005d5500005e7c000012110000a4
:108ea000127c00007f49000049490000363e000066
:108eb0004141000041220000417f0000414100008b
:108ec0003e7f000049490000414100007f09000049
:108ed00009090000093e00004141000051720000f4
:108ee0007f080000080800007f000000417f0000ac
:108ef0004100000021410000413f0000017f0000cf
:108f000008140000224100007f40000040400000a3
:108f1000407f000002040000027f00007f04000088
:108f2000081000007f3e000041410000413e00006b
:108f30007f09000009090000063e000041510000c1
:108f4000215e00007f09000019290000462600006c
:108f50004949000049320000010100007f01000082
:108f6000013f000040400000403f00001f20000083
:108f7000402000001f7f000020180000207f00001c
:108f8000631400000814000063030000047800006c
:108f90000403000061510000494500004300000047
:108fa0007f410000410000000304000008100000a1
:108fb00060000000414100007f000000040200004a
:108fc000010200000440000040400000404000005a
:108fd0000000000003040000003000004a4a0000c6
:108fe000327c00007f480000483000000030000064
:108ff00048480000480000000030000048480000d9
:109000007f3800005454000054580000087e0000cf
:10901000090100000206000049490000453e000029
:109020007f1000000808000070000000487a00006f
:109030004000000020400000443d0000007f000090
:109040001028000044000000000100007f00000024
:109050000078000004180000047800007c0800007c
:109060000404000078380000444400004438000044
:109070007e120000120c0000000000000c12000024
:10908000127e00007c080000040400000848000074
:109090005454000054240000043f000044400000e9
:1090a000203c000040400000207c00001c2000000c
:1090b000402000001c3c000040300000403c00000c
:1090c0004428000010280000442600004848000002
:1090d000483e000044640000544c00004408000076
:1090e0003641000041000000000000007700000051
:1090f00000000000414100003608000002010000ad
:109100000204000002000000000000000000000057
:10911000000000000000000000000000000000004f
:10912000000000000000000000000000000000003f
:1091300000000000bf010000bf01000000000000af
:109140000000000000000000000000000f00000010
:109150000f000000000000000f0000000f000000e2
:10916000000000006c000000ff010000ff01000093
:109170006c000000ff010000ff0100006c00000017
:109180004c00000092000000ff010000920000006f
:10919000ff01000092000000640000008400000055
:1091a0004a000000240000001000000048000000f9
:1091b000a400000042000000c00000002e010000da
:1091c0001101000011010000ae000000400000008d
:1091d000a000000000000000000000000f000000e0
:1091e0000f00000000000000000000000000000070
:1091f00000000000000000007c000000fe000000f5
:1092000083010000010100000000000000000000d8
:109210000101000083010000fe0000007c0000004e
:109220000000000000000000920000005400000058
:1092300038000000fe00000038000000540000006c
:10924000920000001000000010000000100000005c
:10925000fe000000100000001000000010000000e0
:10926000000000000001000080010000f00100008b
:10927000f0000000000000000000000030000000ce
:10928000300000003000000030000000300000001e
:10929000300000003000000000000000000000006e
:1092a00080010000800100000000000000000000bc
:1092b0000000000080010000c0000000600000000d
:1092c00030000000180000000c0000000600000044
:1092d0007c000000fe000000c701000083010000c8
:1092e000c7010000fe0000007c000000000000003c
:1092f0000c0000008e010000ff010000ff010000d3
:10930000800100000000000084010000c601000090
:10931000e7010000f3010000bb0100009f01000015
:109320008e010000c6000000c7010000830100009c
:109330009b0100009b010000ff010000e60000000f
:1093400070000000780000007c0000006e0000004b
:1093500067000000f3010000f1010000df000000e1
:10936000df0100009b0100009b0100009b01000049
:10937000fb010000f3000000f8000000fc01000009
:10938000be010000b6010000b7010000f3010000bb
:10939000e3000000c3010000e301000073000000cf
:1093a0003b0000001f0000000f000000070000004d
:1093b000ee000000ff0100009b0100009b01000087
:1093c0009b010000ff010000ee0000000e01000004
:1093d0009f0100009b010000db000000fb0000007b
:1093e0007f0000003e0000000000000000000000c0
:1093f000ee000000ee000000ee00000000000000a3
:1094000000000000000000000001000080000000db
:10941000d80000005800000000000000000000001c
:1094200010000000380000007c000000ee0000008a
:10943000c70100008301000001010000cc00000012
:10944000cc000000cc000000cc000000cc000000ec
:10945000cc000000cc0000000101000083010000ee
:10946000c7010000ee0000007c0000003800000092
:10947000100000000600000007000000a30100002b
:10948000b30100003b0000001f0000000e000000c0
:10949000fe00000083010000390100002d010000e2
:1094a00039010000c70000003e000000fc01000080
:1094b000fe0100006700000063000000670000007c
:1094c000fe010000fc010000ff010000ff010000a0
:1094d0009b0100009b0100009b010000ff010000b8
:1094e000f6000000fe000000ff010000c7010000c0
:1094f0008301000083010000c7010000c6000000d6
:10950000ff010000ff010000830100008301000053
:10951000c7010000fe0000007c000000ff01000009
:10952000ff0100009b0100009b0100009b01000067
:109530008301000083010000ff010000ff01000023
:109540001b0000001b0000001b00000003000000c7
:1095500003000000fe000000ff0100008701000082
:10956000b3010000b3010000f7010000f6000000a5
:10957000ff010000ff0100001800000018000000bb
:1095800018000000ff010000ff01000000000000c3
:1095900000000000ff010000ff010000ff010000cb
:1095a0000000000000000000e0000000e0010000fa
:1095b000800100008001000080010000ff01000028
:1095c000ff000000ff010000ff0100003800000064
:1095d0007c000000ee000000c701000083010000d5
:1095e000ff010000ff010000800100008001000079
:1095f000800100008001000080010000ff010000e8
:10960000fe0100001c000000380000001c000000eb
:10961000fe010000ff010000ff010000ff0100004b
:109620001c0000003800000070000000ff01000076
:10963000ff010000fe000000ff010000c701000064
:1096400083010000c7010000ff010000fe000000d0
:10965000ff010000ff0100003300000033000000a4
:10966000330000003f0000001e0000007e000000ec
:10967000ff000000c3000000c3000000c3010000a1
:10968000ff0100007e010000ff010000ff0100005b
:1096900033000000f3000000f3010000bf010000f0
:1096a0001e010000ce000000df0100009b01000051
:1096b000bb010000b3010000f7010000e60000005c
:1096c0000300000003000000ff010000ff01000094
:1096d000ff0100000300000003000000ff00000085
:1096e000ff010000800100008001000080010000f7
:1096f000ff010000ff0000003f0000007f000000ad
:10970000e0000000c0010000e00000007f00000059
:109710003f000000ff000000ff010000c00100004a
:10972000e0000000c0010000ff010000ff00000099
:10973000c7010000ee0100007c00000038000000be
:109740007c000000ee010000c70100000f000000d7
:109750001f000000f8010000f0010000f801000007
:109760001f0000000f000000c3010000e301000023
:10977000f3010000bb0100009f0100008f01000009
:1097800087010000ff010000ff01000083010000cd
:1097900083010000830100000000000000000000c1
:1097a00003000000060000000c000000180000008c
:1097b0003000000060000000c00000000000000059
:1097c000000000008301000083010000830100000d
:1097d000ff010000ff010000180000000c00000065
:1097e0000600000003000000060000000c0000005e
:1097f00018000000800100008001000080010000ce
:109800008001000080010000800100008001000054
:10981000c0ff0000ff030000f0ff0000ff0f00008a
:10982000f8ff0000ff1f00003c000000003c0000ab
:109830001e000000007800000e0000000070000014
:109840000700000000e000000700000000e000004a
:109850000700000000e000000700000000e000003a
:109860000e000000007000001e00000000780000e4
:109870003c000000003c0000f8ff0000ff1f00005b
:10988000f0ff0000ff0f0000c0ff0000ff0300001a
:109890000040000000000000006000000000000028
:1098a00000700000000000000078000000000000d0
:1098b000003c000000000000001e0000000000004e
:1098c000000f000000000000800700000000000002
:1098d000c003000000000000e001000000000000e4
:1098e000f000000000000000780000000000000010
:1098f000fcff0000ffff0000feff0000ffff000074
:10990000ffff0000ffff000000000000000000005b
:109910006000000080ff000070000000c0ff000039
:1099200078000000e0ff00003c000000f0e00000d4
:109930001e00000078e000000f0000003ce0000086
:10994000070000001ee00000070000000fe000001c
:109950000780000007e0000007c0000003e00000ef
:1099600007e0000001e000000ff0000000e0000050
:109970001e78000000e00000fc3f000000e0000056
:10998000f81f000000e00000f00f000000e0000001
:10999000e000000070000000f0000000000f000078
:1099a000f8000000001f00003c000000003c000028
:1099b0001e000000007800000fc0000001f0000051
:1099c00007c0000001e0000007c0000001e0000047
:1099d00007c0000001e0000007c0000001e0000037
:1099e0000fe0000003f000001ef000000778000008
:1099f0003c7800000f3c0000f8bf0000ff1f000093
:109a0000f01f0000ff0f0000c00f0000fe07000065
:109a100000f800001f00000000fc00001f00000014
:109a200000fe00001f000000000f00001c000000ee
:109a3000800700001c000000c00300001c000000a4
:109a4000e00100001c000000f00000001c0000000d
:109a5000780000001c0000003c0000001c0000001a
:109a60001e000000feff00000f000000feff0000cf
:109a700078000000feff00003c0000001c00000019
:109a80001e0000001c0000000f0000001c00000071
:109a9000ff7f000080070000ff7f0000800f0000b4
:109aa000ff7f0000801f000007700000003c0000e6
:109ab00007700000007800000770000000f0000050
:109ac0000770000000e000000770000000e00000e8
:109ad0000770000000e000000770000000e00000d8
:109ae00007f0000000f0000007e00000017800002f
:109af00007c00000033c000007f80000ff1f000043
:109b000007f00000ff0f000007e00000ff07000063
:109b100000ff0000ff0f0000e0ff0000ff1f00003b
:109b2000f8ff0000ff3f0000fec30000077c0000bc
:109b3000fce1000003f80000fce0000001f0000080
:109b40003ee0000000e000001ee0000000e0000039
:109b50000fe0000000e000000fe0000000e0000067
:109b600007e0000001f0000007e0000003f800003b
:109b700000c00000077c000000f80000ff3f00006c
:109b800000f00000ff1f000000e00000ff0f0000d9
:109b900007000000000000000700000000000000b7
:109ba00007000000000000000700000000000000a7
:109bb0000700000000c000000700000000f00000e7
:109bc0000700000000fe000007000000c07f00004a
:109bd00007000000f00f000007000000fc0100007b
:109be000070000003f00000007c000000700000061
:109bf00007f0000001000000d73f00000000000057
:109c0000ff070000000000007f00000000000000cf
:109c1000f0030000fe0f0000f00f0000ff1f000027
:109c2000f81f0000ff3f00003c7000000f780000ac
:109c30001ee0000007f000000ec0000003e000007e
:109c400007c0000001c0000007c0000001c0000004
:109c500007c0000001c0000007c0000001c00000f4
:109c60000ec0000003e000000ee0000007f000005e
:109c70001c7000000f780000f81f0000ff3f00007c
:109c8000f00f0000ff1f0000f0030000fe0f0000b7
:109c9000801f000000000000f03f000000000000f6
:109ca000f87f0000000000003cf000000080000091
:109cb0001ee0000001c000000fc0000003e0000033
:109cc00007c0000001f0000007c00000017c000098
:109cd00007c00000013e000007c00000c11f0000d7
:109ce0000fc00000e30f00001ee00000f7030000bb
:109cf0003cf00000fb010000f8ff0000ff00000046
:109d0000f0ff00003f000000e0ff0000070000003f
:109d1000825d00007a5d000005070000100700006a
:109d20000920000020200000305e00005a390000a9
:109d3000525000004d3a000000540000454d000014
:109d4000503a00000050000052450000533a000015
:109d500000520000504d00004d4f0000544f0000d5
:109d6000520000002472000020200000202000008b
:109d700020000000544500004d500000005000003d
:109d8000524500005300000054450000434c0000c1
:109d9000414e0000415600000925000075000000fa
:109da00054450000434c0000414e00004156000065
:109db0003a2500007520000020200000005400001b
:109dc000454300004c4100005041000044090000a0
:109dd0002575000000540000454300004c41000080
:109de00050410000443a000025750000202000008a
:109df000200000003132000033340000353600000e
:109e000037380000392c0000300d0000929300001c
:109e1000948000009091000081830000820900007e
:109e20000a0b0000925f00008a5f00009a5f00004a
:049e3000765f000059
:020000040000fa
:109e34000200fa00004f780030c2b3009e40780060
:109e440080cf50000400320000c3b3009e4078006d
:109e540080cf500002003a0010c0b3000b0037005e
:109e6400d0c2b3009e40780080cf5000040032007e
:109e7400b0c2b3009e40780080cf500002003a0088
:109e840020c0b300010037000040eb000080fa005e
:109e9400000006000800fa002007980061479800b7
:109ea4000040eb00104798000040eb00204798006a
:109eb4000040eb00004f7800260037001e80fb00b6
:109ec400ae0090000080400090407800e0c2b300f3
:109ed40080cf5000070032001e80fb00ae009000cf
:109ee4000080400090407800c0c2b30080cf500092
:109ef40003003a0010c0b300204798001400370054
:109f04002e4090000004e000110032001e80fb008f
:109f1400ae009000008040009040780030c2b30052
:109f240080cf5000070032001e80fb00ae0090007e
:109f3400008040009040780000c3b30080cf500000
:109f440003003a001e4090000040e80010479800cb
:109f54001e4fe8006e4090009e40780080cf500075
:109f6400d6ff39001e4090000080fa000000060071
:109f74000a00fa00004f98001000200001002000a1
:109f84006011b800009fbe000297be000b003700ae
:109f9400a4002000050020006033b8003e00be008d
:109fa4002e01be00d9de0700009fbe000297be004e
:109fb4000e4890000040e900004f98000e489000c1
:109fc4000004e000f2ff3a003e00be002e01be0095
:109fd4000080fa00000006002a00fa00881f7800ba
:109fe40020179800616798007267980043179800db
:109ff4007e609000deff0700600f9800710f9800ec
:10a0040002179800131798004e1090008040eb0040
:10a01400014878006e6090000080fb00e40f50005f
:10a0240057003200e40f50000c003c00e10f5000d8
:10a034001e003200e10f500003003c000000e0006d
:10a044000f003200e5003700e20f5000210032001b
:10a05400e30f500031003200e0003700e60f5000fb
:10a06400bb003200e60f500062003500e70f5000dd
:10a0740021003200e80f50008a003200d700370078
:10a084002e109000104078000080fb008000eb0050
:10a094006011b8006e0a9000fe0a90000e13900042
:10a0a4009e13900099de0700ce0037002e1090001a
:10a0b400100078008000eb006011b8006e0a900078
:10a0c400fe0a90000e1390009e1390008fde07008e
:10a0d400c40037002e1090001000be006011b800bc
:10a0e4006e0a9000fe0a90000e1390009e139000da
:10a0f40086de0700bb0037002e1090005001be0022
:10a104004000be006e0a9000fe0a90000e139000fc
:10a114009e1390007dde0700b20037002e109000e1
:10a12400104078000000fb00cf80de00008fbe00ee
:10a134001e00be00e00f5000e08f580007003d00f5
:10a144004e10900011c0b300014878001e00be00fc
:10a1540060001000e0801800008fbe001e00be00ea
:10a164004f89de00820178006e0a9000fe0a90009a
:10a174000e1390009e13900064de070099003700d0
:10a184002e10900010007800cf80de002007980089
:10a19400310798002e009000be009000e00f5000a0
:10a1a400e08f580009003d004e10900011c0b3002c
:10a1b400014878002e009000be009000600010005e
:10a1c400e080180020079800310798002e009000c6
:10a1d400be0090004f89de00820178006e0a900074
:10a1e400fe0a90000e1390009e13900047de0700b5
:10a1f4007c0037002e1090001000be004f89de0056
:10a20400820178004007980051079800620798007f
:10a21400730798004e009000de0090006e019000dd
:10a22400fe019000e00f5000e08f5800e00f59004d
:10a23400e08f590011003d004e10900011c0b30092
:10a24400014878006022b8006033b8004e009000e6
:10a25400de0090006e019000fe01900000005200ac
:10a2640081805a0002015b0083815b0040079800f3
:10a274005107980062079800730798004e009000f9
:10a28400de0090006e019000fe0190006e0a9000c6
:10a29400fe0a90000e1390009e1390001bde070030
:10a2a400500037002e1090003002be002003be0084
:10a2b400040f9800150f9800260f9800370f980088
:10a2c4000e0890009e0890002e099000be09900090
:10a2d400e00f5000e08f5800e00f5900e08f590064
:10a2e40011003d004e10900011c0b30001487800e9
:10a2f4006022b8006033b8000e0890009e089000f9
:10a304002e099000be0990000000520081805a007e
:10a3140002015b0083815b00000f9800110f98001d
:10a32400220f9800330f98000e0890009e089000aa
:10a334002e099000be0990006e0a9000fe0a90005b
:10a344000e1390009e139000f0dd070025003700e7
:10a354002e1090001003be00460f9800570f98006f
:10a3640018c0b3006011b8004e089000de089000d9
:10a37400d5d807000000e000010035000044eb00e0
:10a384000804e000080032004e10900011c0b30031
:10a39400014878004e089000de08900001f0a20009
:10a3a400400f9800510f98006e089000fe0890002e
:10a3b4000e1190009e11900001d907004e099000e3
:10a3c400de09900047db07000200200003f02300b1
:10a3d40080d90700bed80700020037006000b8002b
:10a3e4006011b8004f0478000080fa0000000600f5
:10a3f4002200fa00500f9800415f9800720f9800f5
:10a40400031798000040eb00004f78000040eb0079
:10a41400005f98000040eb001047980001003700ef
:10a424001e4fe8001e80fb00fe08900000804000e4
:10a43400104078000004e000030032001e40780061
:10a44400ef4f5000f6ff36009e4078007e089000e3
:10a4540090fe0700404f9800780047008001780084
:10a464004e499000ce5890005e089000dafe070036
:10a4740010079800210798003207980043079800b6
:10a484001e80fb000000e9005007980072003700ae
:10a494005e009000fe08900000804000904078002c
:10a4a400514f98005e48900061fe0700604f98008d
:10a4b4006e489000e14f50004b003a001e0090009f
:10a4c400ae0090003e019000ce019000a400200058
:10a4d400050020006033b8002add0700704f9800a3
:10a4e4001e029000ae0290003e039000ce03900046
:10a4f400040f9800150f9800260f9800370f980046
:10a504001e009000ae0090003e019000ce0190002d
:10a51400a4002000050020006033b80012dd07000d
:10a524001007980021079800320798004307980005
:10a534009e4090004e48900080cf500007003100ac
:10a544005e0090008e10900000804000fe48900055
:10a554000143b000014878001f0037000e08900046
:10a564009e0890002e099000be099000e00f500054
:10a57400e08f5800e00f5900e08f590004003a00c2
:10a584009e4090004e48900080cf500007003a0053
:10a594005e0090008e10900000804000fe48900005
:10a5a4000143b000014878000b0037005e009000c2
:10a5b4008e109000808040005e49900000c3b3007c
:10a5c400804f510002003a0000c3b300010037007d
:10a5d40000c2b300804878001e4090000040e800ac
:10a5e40010479800190037006e489000e24f500061
:10a5f40011003a005e0090008e10900080804000b0
:10a604000e5890000004e00008003a005e499000f3
:10a61400b0c2b300804f510002003a00b0c2b30090
:10a624000100370000c2b30001003700d0c2b300fc
:10a6340080487800050037005e0090008e1090007e
:10a6440000804000de4a9000054878005e009000db
:10a654000000e900500798005e0090000000e00050
:10a664008bff3d001e80fb008e1090000080400098
:10a674008040eb00014878000080fa0000000600ea
:10a684000400fa0020479800ae409000014f780083
:10a69400090037001e4fe8001e80fb00e10d210079
:10a6a40061407800e2fd07000004e000020032008f
:10a6b4001e407800050037009e40e80003c8bf0034
:10a6c40080cf5000f3ff39002e4090000080fa0044
:10a6d400000006000400fa0020479800ae409000f5
:10a6e400014f7800090037001e4fe9001e80fb006f
:10a6f400e10d210061407800cdfd07000004e00079
:10a70400020032001e407800040037001e4078002a
:10a714000004e000f4ff3a002e4090000080fa00ac
:10a72400000006000200fa000040eb00004f780031
:10a73400090037001e80fb00e10d21006140780014
:10a74400bbfd07000004e000020032001e40780058
:10a75400060037001e4fe80003c8bf009e40780083
:10a7640080cf5000f3ff39000040eb000080fa0076
:10a77400000006000200fa000040eb00004f7800e1
:10a78400070037001e80fb009e80fb00f20e2100b4
:10a7940062c1780001102100827078001e4fe80029
:10a7a40003c8bf009e40780080cf5000f5ff3900f9
:10a7b40003c8bf000080fb00011021000041eb0032
:10a7c400827078002b0d070002192000030020007e
:10a7d40067d807000000780061006000004078003e
:10a7e4000004e0000500320004c8bf000080fb0044
:10a7f4000110210002c2b300827078000080fa00c8
:10a80400000006000000fa000028ef000368ef00d3
:10a814000468ef000080fa00000006000000fa005f
:10a82400404080000000e00008003200404080000a
:10a834000000e90040408800314080001140780069
:10a844008100e80031408800010037000040eb003f
:10a854000080fa00000006000000fa00404080007a
:10a864000080fa00000006000400fa00881f780047
:10a874000040eb0010479800004080000000e0001a
:10a88400850032000040eb00004f78001f003700c5
:10a894001e80fb00f10e21006141780022479800e0
:10a8a400ae409000c0c2b30080cf500002003a0016
:10a8b400e0c2b30020479800ae40900000c2b3004d
:10a8c40080cf50000d003200ae409000b0c2b30003
:10a8d40080cf50000b0032001e4090000080fb002f
:10a8e400011021002e419000827078001e409000db
:10a8f4000040e80010479800030037000000000003
:10a9040001003700000000001e4fe80003c8bf002c
:10a914009e40780080cf5000ddff39001e4090003b
:10a924000080fb00011021000041eb0082707800e0
:10a9340000102100304088001e4090000080fb0081
:10a944004040880002c8bf000080fb00e40f5000b4
:10a9540036003200e40f50000c003c00e10f5000c0
:10a9640019003200e10f500003003c000000e00039
:10a974000f00320046003700e20f5000180032008a
:10a98400e30f50002300320041003700e60f50006f
:10a9940039003200e60f50002a003500e70f50005e
:10a9a40015003200e80f50002c0032003800370048
:10a9b4000040800000047800008220007900070035
:10a9c400004c78003200370000408000000478001a
:10a9d4000082200092000700000c78002c00370051
:10a9e400004080000004780000822000aa000700d4
:10a9f400008cbe0026003700004080000004780070
:10aa040000822000c2000700009cbe000294be0029
:10aa14001f003700004080000004780000822000fe
:10aa2400d9000700004c780019003700004080006e
:10aa34000004780000822000f2000700000c780077
:10aa440013003700004080000004780000822000da
:10aa54000a010700008cbe000d0037000040800092
:10aa6400000478000082200022010700009cbe0040
:10aa74000294be0006003700004080000004780005
:10aa8400008220000c000700008cbe0000000000c3
:10aa94000028ef0001003700000000004f04780098
:10aaa4000080fa00000006000000fa000028ef0011
:10aab4000080fa00000006001600fa00200f98003b
:10aac400640f47000000eb001007980009003700ee
:10aad4002e08900010007800000001009e0078000d
:10aae400804878001e0fe8001e0090000000e80077
:10aaf400100798001e009000ef0f500005003c0066
:10ab04002e08900010009000000001000000e000fa
:10ab1400efff3a001e0078008040eb000148780007
:10ab24006400470067dc07000080fa0000000600ac
:10ab34001600fa00200f9800640f47000000eb0095
:10ab440010079800090037002e08900010007800c4
:10ab5400000001009e007800804878001e0fe80085
:10ab64001e0090000000e800100798001e009000ee
:10ab7400ef0f500005003c002e08900010009000dc
:10ab8400000001000000e000efff3a001e00780022
:10ab94008040eb00014878004e4090000080fa00ad
:10aba400000006001600fa00200f9800640f47000a
:10abb4000000eb0010079800090037002e089000f1
:10abc40010007800000001009e00780080487800a2
:10abd4001e0fe8001e0090000000e8001007980017
:10abe4001e009000ef0f500005003c002e0890005e
:10abf40010009000000001000000e000efff3a00a8
:10ac04001e0078008040eb00014878006400470093
:10ac140038dc0700004078000080fa0000000600dd
:10ac24001600fa00200f9800640f47000000eb00a4
:10ac340010079800090037002e08900010007800d3
:10ac4400000001009e007800804878001e0fe80094
:10ac54001e0090000000e800100798001e009000fd
:10ac6400ef0f500005003c002e08900010009000eb
:10ac7400000001000000e000efff3a001e00780031
:10ac84008040eb00014878006400470019dc0700ad
:10ac94000080fa00000006001600fa00200f980059
:10aca400640f47000000eb0010079800090037000c
:10acb4002e08900010007800000001009e0078002b
:10acc400804878001e0fe8001e0090000000e80095
:10acd400100798001e009000ef0f500005003c0084
:10ace4002e08900010009000000001000000e00019
:10acf400efff3a001e0078008040eb000148780026
:10ad0400640047002bdc07000080fa000000060006
:10ad14001600fa00200f9800640f47000000eb00b3
:10ad240010079800090037002e08900010007800e2
:10ad3400000001009e007800804878001e0fe800a3
:10ad44001e0090000000e800100798001e0090000c
:10ad5400ef0f500005003c002e08900010009000fa
:10ad6400000001000000e000efff3a001e00780040
:10ad74008040eb00014878006400470041dc070094
:10ad84000080fa00000006001600fa00200f980068
:10ad9400640f47000000eb0010079800090037001b
:10ada4002e08900010007800000001009e0078003a
:10adb400804878001e0fe8001e0090000000e800a4
:10adc400100798001e009000ef0f500005003c0093
:10add4002e08900010009000000001000000e00028
:10ade400efff3a001e0078008040eb000148780035
:10adf40064004700bfdb0700004078000080fa00d1
:10ae0400000006001600fa00200f9800640f4700a7
:10ae14000000eb0010079800090037002e0890008e
:10ae240010007800000001009e007800804878003f
:10ae34001e0fe8001e0090000000e80010079800b4
:10ae44001e009000ef0f500005003c002e089000fb
:10ae540010009000000001000000e000efff3a0045
:10ae64001e0078008040eb00014878006400470031
:10ae7400a0db07000080fa00000006001600fa00bc
:10ae8400200f9800640f47000000eb0010079800a3
:10ae9400090037002e08900010007800000001001f
:10aea4009e007800804878001e0fe8001e00900085
:10aeb4000000e800100798001e009000ef0f5000fb
:10aec40005003c002e0890001000900000000100d6
:10aed4000000e000efff3a001e0078008040eb0025
:10aee4000148780064004700b2db07000080fa00e4
:10aef400000006001600fa00200f9800640f4700b7
:10af04000000eb0010079800090037002e0890009d
:10af140010007800000001009e007800804878004e
:10af24001e0fe8001e0090000000e80010079800c3
:10af34001e009000ef0f500005003c002e0890000a
:10af440010009000000001000000e000efff3a0054
:10af54001e0078008040eb00014878006400470040
:10af6400c8db07000080fa00000006000a00fa00af
:10af7400200798003107980042079800be0090000f
:10af8400010f78000000eb0010079800090037005b
:10af94002e00900010007800000001009e00780050
:10afa400804878001e0fe8001e0090000000e800b2
:10afb400100798009e0090004e009000808f500073
:10afc40005003d002e0090001000900000000100dc
:10afd4000000e000eeff3a001e0078008040eb0025
:10afe400014878000080fa00000006005e00fa00c4
:10aff400881f7800402f9800512f9800622f9800e6
:10b00400de289000010f78000e017800e202b00003
:10b01400040009000019eb000000eb002007980071
:10b02400770137001e0078009040780050c2b300ca
:10b0340080cf50002c013a000000eb00200798005c
:10b044000001200030079800e00220000e004000bc
:10b05400a20020008000eb00bcdb07000000eb0036
:10b0640010079800080137001e007800904078000f
:10b07400e20220000e0141001e0090000000410089
:10b08400014878001e007800104078000000fb00a2
:10b0940061062000810f5000d400320061062000b8
:10b0a400810f500007003c0031062000810f500042
:10b0b4000e00320041062000810f5000750032005e
:10b0c400ed003700c1062000810f5000130032004c
:10b0d40051072000810f5000180032008106200023
:10b0e400810f500011003200e300370010002000ef
:10b0f400200798006e2890000080e900602f9800d7
:10b104006e2890001000780000407800007f9800be
:10b114000040eb00107f9800d70037003e009000fd
:10b124000000400030079800d30037003e00900034
:10b134000000d10030079800cf0037001000200035
:10b14400200798001e0090000000e800000047005f
:10b154008040eb00616898003e009000f00f5000c2
:10b164000c003200f00f500003003e00e80f5000c6
:10b1740008003200c000370001022000810f500097
:10b184001500320001042000810f50002600320017
:10b19400b90037006e2890000080e900602f980005
:10b1a4006e289000900178006307980080032000c7
:10b1b4000e0040006e029000841f7800e10220001f
:10b1c4008e804000811f780001022000c3db07004d
:10b1d400e48757002e0037006e289000640050006a
:10b1e400602f98006e2890001003be007607980028
:10b1f400070f9800820320000e0141007e0090009a
:10b204008e089000809fbe00e00220000e004000e7
:10b21400801f78000102200002007800afdb0700e5
:10b22400e68757001a0037006e2890006800500027
:10b23400602f98006e2890003002be002003be00ec
:10b24400140f9800250f9800360f9800470f9800a8
:10b25400840320000e0242001e089000ae089000f5
:10b264003e099000ce099000809fbe00829fbe00e0
:10b27400e00220000e004000801f78000102200040
:10b284000400780095db0700ea87570000000000ff
:10b294007900370010002000200798001e0090005d
:10b2a4000000e800000047008040eb00616898005f
:10b2b4003e009000f00f50000c003200f00f5000e0
:10b2c40003003e00e80f5000080032006a00370017
:10b2d40001022000810f50001500320001042000fb
:10b2e400810f500026003200630037006e28900062
:10b2f4000080e900602f98006e289000900278008a
:10b30400550f9800800320000e0040005e0b900053
:10b31400861f7800e10220008e804000811f7800a3
:10b32400010220006ddb0700e48757002e00370080
:10b334006e28900064005000602f98006e289000e2
:10b344001001be00620f9800730f98008203200062
:10b354000e0141006e089000fe089000809fbe0020
:10b36400e00220000e004000801f7800010220004f
:10b374000200780059db0700e68757001a003700ff
:10b384006e28900068005000602f98006e2890008e
:10b394003002be002003be00041798001517980061
:10b3a4002617980037179800840320000e024200e5
:10b3b4000e1090009e1090002e119000be1190006f
:10b3c400809fbe00829fbe00e00220000e0040006d
:10b3d400801f780001022000040078003fdb070092
:10b3e400ea87570000000000230037001000200007
:10b3f400200798001e0090000000e80000004700ad
:10b404008040eb00616898003e009000f00f50000f
:10b414000300320001022000810f500015003a00a1
:10b424006e28900064005000602f98006e289000f1
:10b434001003be0046179800571798008203200097
:10b444000e0141004e109000de109000809fbe005f
:10b45400e00220000e004000801f7800010220005e
:10b46400020078001ddb0700e6875700000000009b
:10b4740001003700000000001e0fe8001e009000cd
:10b484000000e800100798001e009000e80f50002c
:10b4940003003e002e0090000000e000f2fe3200a7
:10b4a400800320000e004000400798000800370089
:10b4b4004e289000900078004e00900010407800d4
:10b4c400010001004e0090000000e80040079800d1
:10b4d4004e009000104078000004e000f4ff3a00b1
:10b4e4001e0fe900450037001e00780090407800e8
:10b4f40040c2b30080cf50003b003a001e0fe8006a
:10b504001e007800104078000004e0004100320082
:10b514001e007800104078000000fb002107200086
:10b52400810f50001700320031072000810f5000b6
:10b5340027003a006e2890000080e900602f9800f0
:10b544006e28900090037800570798000800370091
:10b554004e289000900078005e0090001040780023
:10b564005e0190000201e80052079800010001000a
:10b574005e009000104078000004e000f4ff3a0000
:10b584001e0037006e2890000080e900602f9800ac
:10b594006e2890009000780061179800060037002c
:10b5a4004e289000100478006e109000100078006f
:10b5b40000000100080001006e10900010009000cf
:10b5c400000001000000e000f5ff3a000b00370026
:10b5d4004e289000900078001e00780010407800fb
:10b5e40001000100050037004e289000900078000b
:10b5f4001e00780010407800010001001e0fe800d2
:10b604001e007800104078000004e00085fe3a0037
:10b6140001003700000000004f0478000080fa00a9
:10b62400000006000200fa000000eb00000f7800a2
:10b63400090037001e00780001c720004300dd0028
:10b64400008240006000b8006011b800009abe009b
:10b654000292be001e0fe800f00720009e00780052
:10b66400808f5000f3ff36000a28ef000c28ef000b
:10b674000e68ef00c0e82c00104078002ae8b700fc
:10b68400f0e82c00104078002be8b7009403070082
:10b694000080fa00000006000000fa000108200003
:10b6a40000c72000f90307000080fa00000006002c
:10b6b4000200fa000000eb00000f780009003700d8
:10b6c4001e00780001c720004300dd000082400016
:10b6d4006000b8006011b800009abe000292be007b
:10b6e4001e0fe800f00720009e007800808f5000b5
:10b6f400f3ff36000080fa00000006000400fa00a0
:10b70400889fbe008a1f7800004f78001147980078
:10b71400224798001e4078000004e00047003500ee
:10b724009e409000f0c3b30080cf500045003e001f
:10b734002e4090000004e0001e0032001e84fb0036
:10b744001e80fb004300dd0001c720000080400094
:10b754003002be002003be001e4090008084fb0027
:10b7640010002000010020006011b80009057800d5
:10b774000a05e900050033000000d0008180d200f2
:10b784000281d2008381d200f9ff370000007200e9
:10b7940081807200020173008381730005c7200059
:10b7a4004342dd0004824200009abe000292be00c1
:10b7b400250037001e84fb001e80fb004300dd00d3
:10b7c40001c72000008040003002be002003be00fc
:10b7d4001e4090008084fb00100020000100200027
:10b7e4006011b800090578000a05e9000500330076
:10b7f4000000d0008180d2000281d2008381d20077
:10b80400f9ff37000080ea008180ea000281ea0043
:10b814008381ea000000620081806200020163000b
:10b824008381630005c720004342dd000482420097
:10b83400009abe000292be00030037000000000020
:10b8440001003700000000004f0578004f04be00df
:10b854000080fa00000006001400fa00889fbe0071
:10b8640000579800115798002257980033579800b2
:10b87400ae5090000e50900080cf5000060036006d
:10b884002e5090008080fb000e5090000080fb0042
:10b8940000805000050037000e5090008080fb00af
:10b8a4002e5090000080fb0000805000300798006c
:10b8b400be5090001e50900080cf5000060036000d
:10b8c4003e5090008080fb001e5090000080fb00e2
:10b8d40000805000050037001e5090008080fb005f
:10b8e4003e5090000080fb0000805000400798000c
:10b8f4008e5090002e50900080cf500002003100f6
:10b9040010002000010037000080eb005007980071
:10b914009e5090003e50900080cf500002003100b5
:10b9240010002000010037000080eb006007980041
:10b93400be0090004e009000008f50000e5090000a
:10b944000080fb00100798001e5090000080fb0050
:10b954002007980001003700000000001e0090003e
:10b964000000e000270035009e009000f007200052
:10b97400808f500023003c002e0090000000e00067
:10b9840020003500ae009000f0032000808f5000ae
:10b994001c003c001e0090004300dd0001c7200095
:10b9a400008040003002be002003be0010002000d2
:10b9b400010020006011b8002e0490008804780073
:10b9c4008904e900050033000000d0008180d20022
:10b9d4000281d2008381d200f9ff37000000720097
:10b9e4008180720002017300838173001e02900043
:10b9f40005c720004322dd0004824200009abe00f5
:10ba04000292be002e5090008080fb001e00900029
:10ba1400808f500005003a003e5090008080fb006b
:10ba24002e009000808f5000190032001e00780014
:10ba340000004000700798004e0090008000ea006b
:10ba44007e009000808f500006003d004e00900064
:10ba54001e0f10009e0090005e00900000804000c9
:10ba640010079800fe0090003e009000808f500068
:10ba7400b9ff3d003e0090001e0f4000ae00900054
:10ba84006e0090000080400020079800b3ff37004c
:10ba9400000000004f04be000080fa000000060011
:10baa4000200fa00004f78001e407800e24f500078
:10bab400020036000040eb00004f78001e41780081
:10bac400e1802000824878001e80fb00c1e82c0041
:10bad400614078002ae8b7001e80fb00f1e82c00e2
:10bae400614078002be8b7000080fa0000000600ef
:10baf4000000fa00100020000080fa000000060098
:10bb04000a00fa00889fbe008a1f7800004f980040
:10bb14000ec8bf000080fb0021e92c00e140780042
:10bb24000e48900080cf5000c3003c000ec8bf00f8
:10bb34000080fb0051e92c00e14078000e489000a1
:10bb440080cf5000be0035000e4890008000fb00fe
:10bb54000ec8bf000080fb0022e92c006240780080
:10bb64000000fb0000805000800078002ac8bf005d
:10bb74000080fb000088b9000000780030079800be
:10bb84000040eb00004f78009e0037009e80fb00d1
:10bb94005040800080804000f0072000808f5000db
:10bba4009d003c000ec8bf000080fb00e10f500068
:10bbb40003003200e20f50000c0032001500370081
:10bbc4009e80fb003e00900000804000800040000a
:10bbd40080882c000080400010007800cf80de00b8
:10bbe4001007980021079800140037009e80fb007e
:10bbf4003e00900000804000c200dd0080c02c00a8
:10bc0400008040001001be0012079800230798002e
:10bc14000a0037009e80fb003e0090000080400038
:10bc2400816a2c00614078000000fb00cf80de00b8
:10bc34001007980021079800000000000040eb0066
:10bc440010479800680037001e4090008080fb0079
:10bc54006040800080804000f0032000808f50000e
:10bc640066003c001e4090000082fb001e01900014
:10bc7400ae019000f002120004003b008502ea00cd
:10bc84000598de00cf98de0004003700851add0039
:10bc94000410de00008072008498de00000078004a
:10bca40061006000004078000004e00024003200dd
:10bcb4009e80fb0050408000008440009e80fb007a
:10bcc40050408000008040004300dd0001c7200098
:10bcd400008040003002be002003be001e409000e1
:10bce4008080fb00604080008084400010002000c1
:10bcf400010020006011b800090578000a05e90078
:10bd0400050033000000d0008180d2000281d200ff
:10bd14008381d200f9ff3700000072008180720035
:10bd2400020173008381730005c720004342dd00d4
:10bd340004824200009abe000292be00270037002f
:10bd44009e80fb0050408000008440009e80fb00e9
:10bd540050408000008040004300dd0001c7200007
:10bd6400008040003002be002003be001e40900050
:10bd74008080fb0060408000808440001000200030
:10bd8400010020006011b800090578000a05e900e7
:10bd9400050033000000d0008180d2000281d2006f
:10bda4008381d200f9ff37000080ea008180ea0035
:10bdb4000281ea008381ea0000006200818062005f
:10bdc400020163008381630005c720004342dd0054
:10bdd40004824200009abe000292be001e409000ff
:10bde4000040e800104798002bc8bf009e40900018
:10bdf40080cf500094ff390001003700000000009c
:10be04001e4fe8002ac8bf009e40780080cf500033
:10be14005eff390001003700000000002ac8bf009f
:10be24000080fb008000e80050408000008040005b
:10be34005040880003003700000000000100370074
:10be4400000000004f0578004f04be000080fa0097
:10be5400000006000200fa0068005700000f780096
:10be64001e00780000017800ceb8970080e82c000e
:10be74005efc07000080fa00000006000600fa00dd
:10be84002047980031479800424798004e40900060
:10be940003ff07002e4090000080fb005040880004
:10bea4003e4090000080fb0060408800680057001e
:10beb400000f78001e00780000017800ceb89700cb
:10bec40080e82c0049fc07000080fa00000006000e
:10bed4000000fa00d1c4b300001920003a0607009c
:10bee4000080fa00000006000000fa00718480005f
:10bef4006084800080805000f01f2000008060007b
:10bf040001202000008050000080fa00000006009c
:10bf14000000fa00c08380000080fa0000000600e0
:10bf24000000fa007f0007000080fa00000006000d
:10bf34000200fa00004f78001e40780061000700fc
:10bf44000080fa00000006000000fa005a0607000c
:10bf54000004e00007003a00c0082100a90407001b
:10bf6400e0cfb30026e8b70010c0b30024e8b70060
:10bf7400750607000080fa00000006000000fa00c1
:10bf84000000eb00808388000000eb0090838800b1
:10bf94000000eb00a08388000000eb00b083880061
:10bfa4000000eb00c08388000000eb00d083880011
:10bfb4000000eb00e08388000000eb00f0838800c1
:10bfc4000000eb00008488000080fa0000000600f6
:10bfd4000000fa000000eb00608488000000eb0021
:10bfe400708488000000eb00808488000000eb006f
:10bff400908488000000eb00a08488000000eb001f
:10c00400b08488000000eb00c08488000000eb00ce
:10c01400d08488000000eb00e08488000080fa00ef
:10c02400000006000000fa000000eb00e084880035
:10c034000080fa00000006000000fa0080848000fe
:10c0440070848800b0848000a08488000080fa0096
:10c05400000006000200fa00004f78001e4078003d
:10c064000004e00006003a00b08380000000e00015
:10c074000300320000072100560007000f003700bc
:10c084002184800080838000008040009e407800ee
:10c0940001487800808380000000e80080838800e5
:10c0a400b08380000000e800b083880081838000b2
:10c0b4004084800000806000808388000080fa0053
:10c0c400000006000200fa00004f7800018580009d
:10c0d40060848000008040009e4078000148780021
:10c0e400608480000000e800608488009084800000
:10c0f4000000e8009084880061848000208580002e
:10c1040000806000608488001e4078000004e00025
:10c1140002003a00c0082100190407000080fa0058
:10c12400000006000200fa00218480009083800051
:10c1340000804000104f7800908380000000e800e9
:10c1440090838800c08380000000e900c0838800d9
:10c154009183800040848000008060009083880088
:10c164001e4078000080fa00000006000200fa0079
:10c17400018580007084800000804000104f7800aa
:10c18400708480000000e80070848800a08480002f
:10c194000000e900a084880071848000208580006c
:10c1a40000806000708488001e4078000080fa00df
:10c1b400000006000000fa0001003700ebff070052
:10c1c400a08480000000e000fcff3a000080fa0038
:10c1d400000006000200fa00000f78001e0078003c
:10c1e400900890001e00780060009000000040005d
:10c1f400008040009e007800b100900001087800a3
:10c204001e007800600090008000e8001e007800a6
:10c21400610098001e007800000890008000e8008b
:10c224001e007800010898001e0078008000eb00d2
:10c23400310098001e007800e00090001e00780095
:10c2440050089000808060001e0078006100980013
:10c254000080fa00000006000200fa00000f7800d7
:10c264001e007800900890001e0078007000900076
:10c274000000400000804000900078001e0078001c
:10c28400410098001e007800900090001e00780085
:10c29400210098001e007800c00090001e00780065
:10c2a400510098001e007800700090008000e800a3
:10c2b4001e007800710098001e00780000089000ad
:10c2c4008000e9001e007800010898001e00780034
:10c2d400f00090001e0078005008900080806000fc
:10c2e4001e007800710098000080fa00000006002b
:10c2f4000200fa00820507000004e0001a00320080
:10c304000040eb00a8050700004f780082050700f5
:10c314000004e00003003a0020c0b30025e8b700a1
:10c324001100370025c8bf00e24f500009003a0051
:10c334002cc8bf009e40780080cf5000030032001c
:10c3440030c0b30025e8b700070037002568ef00c8
:10c354000500370025c8bf00e34f500002003a0033
:10c364001e4078003bff07000080fa000000060032
:10c374000200fa00560507000004e0000400320041
:10c38400450507002468ef002bff07002e00370047
:10c39400550507000004e000020032002468ef00a5
:10c3a40029003700440507000004e000260032009d
:10c3b40024c8bf00e14f50001c003a0026c8bf004b
:10c3c400e24f400006003a000040eb007005070011
:10c3d40026c8bf000040e80026e8b7001a0037006e
:10c3e40026c8bf00e14f400006003a002cc8bf0039
:10c3f4006705070026c8bf000040e80026e8b7002c
:10c404001100370059ff0700004f78001e407800e4
:10c414000004e00002003a0020c0b30024e8b700a2
:10c424001e4078005a0507000700370024c8bf00e3
:10c43400e24f500004003a002468ef0010c0b3003b
:10c4440027e8b700490507000080fa00000006004d
:10c454000200fa00004f7800d4a2a9001e40780020
:10c46400d6050700d4a2a8000080fa000000060048
:10c474000200fa00004f78001e407800cf05070044
:10c484000080fa00000006000200fa00004f780065
:10c494001147980050c1b300edff07001e4078001b
:10c4a400f3ff07001e409000f1ff07000080fa0030
:10c4b400000006000200fa00004f780011479800bf
:10c4c40050c7b300e2ff07001e407800e8ff0700f2
:10c4d4001e409000e6ff07000080fa0000000600fe
:10c4e4000000fa00c9e2a900d0a2a900c9a2a900cb
:10c4f400c9c2a900d0e2a900cda2a900a7050700de
:10c50400cde2a900d4e2a90000c820000100200067
:10c51400eb050700d4e2a80000c8200001002000b9
:10c52400e7050700e0cab300c9ff070030cbb3003a
:10c53400c7ff070010c9b300cdff0700a0ccb300ac
:10c54400c3ff0700f0c3b300c9ff070020cab3004c
:10c55400bfff07000040eb00c5ff0700b0cab300ef
:10c56400bbff070010c0b300c1ff070000cab3003f
:10c57400b7ff070050c0b300bdff070010c1b300f0
:10c58400bbff070070ccb300b1ff0700f0c0b300dd
:10c59400b7ff070010ccb300adff0700f0c9b3002c
:10c5a400b3ff070010cbb300a9ff070020cfb300ef
:10c5b400afff0700b0cbb300a5ff0700f0c1b30085
:10c5c400abff070040cbb300a1ff070000cab300d4
:10c5d400a7ff0700d0cfb300a5ff0700e0cbb3004f
:10c5e4009bff070040c0b300a1ff070060cab3006f
:10c5f40097ff070010cab30095ff07000040eb0047
:10c604009bff070080cab30091ff07000040eb00c6
:10c6140097ff070000c4b30095ff0700f0cab300fa
:10c624008bff0700020007000080fa0000000600ec
:10c634000200fa00b1c5b300c0c1b30092ff070005
:10c64400f1c3b3000040eb009aff0700c0c5b3007c
:10c654007fff07000000eb00000f780005003700a3
:10c664000040eb0082ff07000040eb0080ff070062
:10c674001e0fe800f0ff20009e007800808f50001d
:10c68400f7ff36000080fa00000006001800fa00e8
:10c69400200f9800310f9800b1c5b300c0c1b3009a
:10c6a40079ff0700f1c3b3000040eb0081ff0700ee
:10c6b400c0c5b30066ff07000000eb001007980038
:10c6c400490037001e0090004300dd00ae089000d2
:10c6d400008040003002be002003be002407980002
:10c6e4003507980046079800570798001e009000e9
:10c6f4000000e8004300dd00ae0890000080400028
:10c704003002be002003be0064079800750798003d
:10c71400060f9800170f980000c4b300004f78006c
:10c724002b0037002e00900061006000004078006c
:10c734000004e0000200320000c0eb0001003700fa
:10c744000040eb004aff07006e00900061006000ab
:10c75400004078000004e0000200320000c0eb005a
:10c76400010037000040eb0041ff07002e0090005d
:10c77400be0090004e019000de0190008301d100c4
:10c784000281d3008180d3000080d3002007980069
:10c794003107980042079800530798006e009000f4
:10c7a400fe0090000e0990009e0990008301d100c4
:10c7b4000281d3008180d3000080d30060079800f9
:10c7c40071079800020f9800130f98001e4fe9009c
:10c7d4001e4078000004e000d2ff3a001e009000e2
:10c7e4000080e800100798009e0090003e0890002a
:10c7f400808f5000b3ff39000080fa00000006006b
:10c804000200fa00004f780010ccb30010ff0700bc
:10c814001e40780016ff07000080fa0000000600a2
:10c824000000fa00d4c2a800f0cab30008ff070051
:10c834000080fa00000006000000fa00e0cab3001d
:10c8440003ff0700d4c2a9000080fa00000006001c
:10c854000200fa00004f78001e80fb00e10f500038
:10c864000c003200e10f500003003c000000e00027
:10c87400060032000d003700e20f500007003200be
:10c88400e30f50000700320008003700c0e2a9009f
:10c8940006003700c082a90004003700c062a90066
:10c8a40002003700c042a900000000000080fa0026
:10c8b400000006000200fa00004f78001e80fb0012
:10c8c400e10f50000c003200e10f500003003c0067
:10c8d4000000e000060032000d003700e20f5000b7
:10c8e40007003200e30f5000070032000800370051
:10c8f400c0e2a80006003700c082a8000400370088
:10c90400c062a80002003700c042a8000000000076
:10c914000080fa00000006000200fa00004f7800d0
:10c924001e80fb00e10f500008003200e20f5000af
:10c934000a0032000000e0000c003a00901680006b
:10c944004300de00614060000900370010168000db
:10c954000040780061406000050037001016800038
:10c964000000d100614060000100370010c0b30036
:10c974000080fa00000006000200fa000040eb000c
:10c98400004f78000d0037001e80fb0021112100ac
:10c994000041eb00827078001e80fb00e111210051
:10c9a4000041eb00827078001e80fb00a112210080
:10c9b4000041eb00827078001e4fe8001e407800b2
:10c9c400eb4f5000f0ff3600d062a8006b80a80047
:10c9d400c002a8006840a800c022a8006860a8009f
:10c9e400c4e2a900c0e2a800c482a900c082a800d1
:10c9f400c462a900c062a800c442a900c042a80041
:10ca04000080fa00000006000200fa00004f7800df
:10ca14001e41780001812000824878000080fa00dd
:10ca2400000006000800fa009204070010079800ae
:10ca34002107980090408000a14080001e019000d2
:10ca4400ae01900000015100818159004000200096
:10ca540001002000800f5100818f59006f003600c3
:10ca64001e019000ae01900092408800a34088000f
:10ca74000040eb00004f7800640037001e4078004f
:10ca840073ff0700000f2000010020008c04070042
:10ca94000040eb0010479800560037001e40780015
:10caa4006300b90000007800804078001e409000c8
:10cab40000c04000604798001e40900096ff0700a9
:10cac4000080fb000000e9004f00de007047980082
:10cad4006e4090000080fb00e1112100e1407800ed
:10cae4007e40900080cf50000a0032006e409000db
:10caf4000080fb00a112210042c0b30082707800c4
:10cb04006e4090000080fb00e1112100fe41900086
:10cb1400837078006e4090000080fb00a112210019
:10cb2400614078000004e0002f0032006e40900065
:10cb34000080fb00a1122100e14078000141e900de
:10cb4400a1122100827078006e4090000080fb00ea
:10cb5400a1122100614078000004e00022003a00a4
:10cb64007e4090000004e000110032006e4090000e
:10cb74000080fb0021112100614078000004e000e6
:10cb84000b003a006e4090000080fb002111210050
:10cb940012c0b300827078006e4090000080fb00e9
:10cba400a1ef2c0061407800e90307000e00370074
:10cbb4007e4090000004e0000b003a006e409000bc
:10cbc4000080fb0021112100614078000004e00096
:10cbd400050032006e4090000080fb00211121000e
:10cbe4000041eb00827078001e4090000040e80095
:10cbf400104798001e409000e24f5000a7ff3600f7
:10cc04001e4078002bff07001e4fe8001e407800ee
:10cc1400e34f500099ff3600010037000000000088
:10cc24000080fa00000006000200fa00004f7800bd
:10cc34001e80fb00e10f50000c003200e10f500099
:10cc440003003c000000e000060032000d00370045
:10cc5400e20f500007003200e30f500007003200db
:10cc640008003700c102a90006003700c122a9004c
:10cc740004003700c142a90002003700c142a900e4
:10cc8400000000000080fa00000006000200fa0024
:10cc9400004f78001e80fb00e10f50000c003200b2
:10cca400e10f500003003c000000e00006003200e9
:10ccb4000d003700e20f500007003200e30f500070
:10ccc4000700320008003700c102a8000600370040
:10ccd400c122a80004003700c142a80002003700a6
:10cce400c142a800000000000080fa000000060015
:10ccf4000200fa00004f78001e80fb00e10f500094
:10cd040008003200e20f50000a0032000000e00088
:10cd14000c003a00901680004200de006140600082
:10cd240009003700901680000000d10061406000c7
:10cd340005003700901680000040780061406000d4
:10cd44000100370010c0b3000080fa0000000600a4
:10cd54000200fa000040eb00004f78000d0037009d
:10cd64001e80fb00411521000041eb008270780019
:10cd74001e80fb00d11521000041eb008270780079
:10cd84001e80fb00611621000041eb0082707800d8
:10cd94001e4fe8001e407800e84f5000f0ff3600b8
:10cda400d042a8006940a800d022a8006920a800a9
:10cdb400d002a8006900a800c502a900c102a80009
:10cdc400c522a900c122a800c542a900c142a800e9
:10cdd400c542a900c142a8000080fa000000060074
:10cde4000200fa00004f78001e41780061812000a3
:10cdf400824878000080fa00000006000800fa006b
:10ce04009c0307001007980021079800c040800089
:10ce1400d14080001e019000ae019000000151003d
:10ce2400818159004000200001002000800f510042
:10ce3400818f59006f0036001e019000ae019000f2
:10ce4400c2408800d34088000040eb00004f7800c7
:10ce5400640037001e40780073ff0700000f2000b5
:10ce640001002000960307000040eb0010479800e3
:10ce7400560037001e4078006300b90000007800b7
:10ce8400804078001e40900000c040006047980039
:10ce94001e40900096ff07000080fb000000e900a0
:10cea4004f00de00704798006e4090000080fb0049
:10ceb400d1152100e14078007e40900080cf5000e1
:10cec4000a0032006e4090000080fb0061162100d1
:10ced40042c0b300827078006e4090000080fb0076
:10cee400d1152100fe419000837078006e409000bf
:10cef4000080fb0061162100614078000004e0001e
:10cf04002f0032006e4090000080fb00611621006b
:10cf1400e14078000141e900611621008270780047
:10cf24006e4090000080fb00611621006140780093
:10cf34000004e00022003a007e4090000004e0007b
:10cf4400110032006e4090000080fb00411521006a
:10cf5400614078000004e0000b003a006e4090004d
:10cf64000080fb004115210012c0b30082707800dc
:10cf74006e4090000080fb0061f02c00614078005e
:10cf8400e00207000e0037007e4090000004e0003d
:10cf94000b003a006e4090000080fb004115210018
:10cfa400614078000004e000050032006e4090000b
:10cfb4000080fb00411521000041eb0082707800e5
:10cfc4001e4090000040e800104798001e4090006a
:10cfd400e24f5000a7ff36001e4078002bff0700e9
:10cfe4001e4fe8001e407800e24f500099ff3600c3
:10cff40001003700000000000080fa000000060075
:10d004000400fa00000f7800214798002e40900099
:10d014008080fb001e007800605090000000fb0040
:10d02400808f500003003a001e007800540007006f
:10d03400180037001e007800a00890001e00780039
:10d044001000780000804000ae4090000148780055
:10d054001e007800100078008000e8001e007800b0
:10d06400010878001e007800300090008000e8007d
:10d074001e007800310098001e00780090007800af
:10d084001e00780040089000808060001e00780038
:10d09400010878000080fa00000006000400fa008d
:10d0a400000f7800214798001e007800a008900027
:10d0b4001e0078001000780000804000ae40900010
:10d0c400014878001e007800100078008000e80015
:10d0d4001e007800010878001e00780030009000df
:10d0e4008000e8001e007800310098001e007800df
:10d0f400900078001e007800400890008080600056
:10d104001e007800010878000080fa000000060084
:10d114000400fa00100798001e009000a008900078
:10d124001e0090001000900000804000104f780016
:10d134001e009000100090008000e8001e00900087
:10d14400110098001e009000400090008000e9004b
:10d154001e009000410098001e0090009000900076
:10d164001e00900040089000808060001e00900027
:10d17400110098001e4078000080fa0000000600ac
:10d184000200fa00000f78001e007800900890005a
:10d194001e00780060009000000040000080400005
:10d1a4009e007800b1009000010878001e0078000d
:10d1b400600090008000e8001e0078006100980084
:10d1c4001e007800000890008000e8001e0078002f
:10d1d400010898001e0078008000eb0031009800e0
:10d1e4001e007800e00090001e00780050089000b7
:10d1f400808060001e007800610098000080fa00c2
:10d20400000006000200fa00000f78001e007800fb
:10d21400900890001e00780070009000000040000c
:10d2240000804000900078001e00780041009800c3
:10d234001e007800900090001e00780021009800e5
:10d244001e007800c00090001e0078005100980075
:10d254001e007800700090008000e8001e00780036
:10d26400710098001e007800000890008000e9001a
:10d274001e007800010898001e007800f00090005d
:10d284001e00780050089000808060001e00780026
:10d29400710098000080fa00000006000200fa0005
:10d2a400000f78001e007800a00090001e00780097
:10d2b400110098001e007800d00090001e00780035
:10d2c400410098000080fa00000006000200fa0005
:10d2d400000f78001e007800900090001e00780077
:10d2e40040009000808040001e00780011009800eb
:10d2f4001e007800900090001e0078004008900006
:10d30400808060001e007800110098001e007800e4
:10d314008000eb00410098000080fa000000060045
:10d324000200fa0068005700000f780010c0b30034
:10d3340064fb07001e00780000017800ceb8970057
:10d3440060f12c0029f707000040eb005dfb0700ab
:10d354000080fa00000006000200fa00680057008e
:10d36400000f780030c0b30056fb07001e007800a1
:10d3740000017800ceb8970060f12c001bf707007d
:10d384000040eb004ffb07000080fa00000006009d
:10d394000200fa0068005700000f780040c0b30094
:10d3a40048fb070090c0b30046fb07001e0078004e
:10d3b40000017800ceb8970060f12c000bf707004d
:10d3c4000040eb003ffb07000080fa00000006006d
:10d3d4000000fa00befa0700e8fa0700fcfa0700aa
:10d3e40010fb07000080fa00000006001800fa0095
:10d3f4004f0107000004e000010032002a01070089
:10d40400008480000000e000540032000007210086
:10d414007cff070043fb0700004f78001e407800a4
:10d424000004e00005003a00c08380000000e00032
:10d43400020032003bfb0700004f78001e00fb0097
:10d44400e10f500003003200e30f50002a003200c5
:10d454003b003700c08380000000e0003c00320045
:10d464000040eb00204798002efb0700104798006f
:10d474000a0037002e4090000080fb0000004700a7
:10d484009e409000314098002e4090000040e800fb
:10d494002047980023fb070010479800c0838000b2
:10d4a4000000e000060032001e409000e94f5000ea
:10d4b400030032002e409000f34f5000edff360081
:10d4c4002e4090000080fb00000047008040eb00ed
:10d4d400314098006300470021f12c0055010700fa
:10d4e400010037000ffb0700c08380000000e0004c
:10d4f400fcff3a0019003700c08380000000e00000
:10d504001500320007fb07008000fb002005200007
:10d51400808f500003003a000700370001fb07002a
:10d524000100370000000000c08380000000e0001c
:10d53400faff3a000000000008003700f9fa07007b
:10d54400c08380000000e000fcff3a0003003700c5
:10d5540000000000010037000000000027c8bf00e1
:10d56400e14f500005003a00df0007000004e0002e
:10d57400020032002768ef000efb0700e084800001
:10d584000000e00009003200cb0007000004e000c6
:10d5940006003a0027c8bf00e14f500002003a00dd
:10d5a4002768ef000100370067fa07000080fa00df
:04d5b400000006006d
:020000040000fa
:10d5b8002808000002000000000000001c0800000d
:10d5c8000400000000000000700c000000040000cf
:10d5d800000000000a08000006000000000000002b
:10d5e8002a080000020000000200000005070000f1
:10d5f800de100000340000000000000000080000f9
:10d608000a000000000000002008000004000000dc
:10d618000200000010542e005400000012110000f7
:10d6280024000000000000001008000006000000b0
:10d6380000000000541100001c0000000000000061
:10d64800160800000600000000000000701000002e
:10d658003800000002000000000000000000000088
:10d6680000000000000000000000000000000000b2
:10d67800300c300008000000ff010f00000000001f
:10d688000000000000000000000000000000000092
:10d698000000000000500c00300a000000ff0100ec
:10d6a8000f000000300800004004000000000000e7
:10d6b8002c080000020000000200000040000000ea
:10d6c8002408000004000000000000002e080000ec
:10d6d800020000000000000090110000020000009d
:10d6e80000000000a8100000360000000200000042
:10d6f800696e6600696e6900747900006e616e007b
:10d7080000000a00000000006400000000e80300b8
:10d718000000100027000000a08601000040420021
:10d728000f0080009698000000e1f500055f70008a
:10d738008900ff00092f0f00361100001e000000ad
:10d7480002000000286e69006c29000025006800ae
:10d75800076c09004c836a009074a0007ac000002e
:10d768008068880000846c008200810070110000cd
:10d778001000000002000000494e460000696e00db
:10d7880066004e00414e00006e616e000000000011
:10d79800801100001000000002000000494e460001
:10d7a80000696e0066004e00414e00006e616e001a
:10d7b80000000000921100000200000000000000bc
:04d7c800000000005d
:020000040000fa
:10d7cc000400fa00000f7800214798001e00780032
:10d7dc008000eb00823e20000289b9000201780033
:10d7ec006002b9008401780003014100833e2000ef
:10d7fc000300b80001014100820078006100400084
:10d80c00e08048001bcc0700d2cc2c00c3fc2300ca
:10d81c006ecc07000001be000040220041b724007e
:10d82c004fcd0700c9cb070000007800a01088007e
:10d83c001602a9001642a9001622a9001662a90018
:10d84c001682a90016a2a90016c2a90016e2a80009
:10d85c001702a9001722a8001742a9001762a900f5
:10d86c001782a80017a2a8002e4090000080fb0091
:10d87c00d01088001022ef001222ef0017e2a8004f
:10d88c009a40a8009a20a8000080fa000000060028
:10d89c000000fa001942a9000080fa0000000600fe
:10d8ac000000fa0018c2a9000080fa00000006006f
:10d8bc000000fa00c01080004300de0061406000f0
:10d8cc000080fa00000006000000fa00c010800082
:10d8dc004a00de00614060000080fa000000060093
:10d8ec000000fa00c01080004400de0061406000bf
:10d8fc000080fa00000006000000fa00c010800052
:10d90c000000d100614060000080fa0000000600b9
:10d91c000000fa00c01080004500de00614060008d
:10d92c000080fa00000006000000fa00c010800021
:10d93c004600de00614060000080fa000000060036
:10d94c000000fa001602a80000000000b0108000d1
:10d95c00610060000000e000fcff3a000080fa006b
:10d96c00000006000000fa001642a80000000000ab
:10d97c00b0108000640060000000e000fcff3a0082
:10d98c000080fa00000006000200fa00004f780048
:10d99c001e80fb00901088000080fa00000006003a
:10d9ac000400fa00204798000040eb00004f78007c
:10d9bc0080108000004f78001782a8001e4078006d
:10d9cc000080fa00000006000000fa0036f707009d
:10d9dc0080e92c00801f780012c0b3008040eb005f
:10d9ec000040eb0023f907008f87e900d0e92c00f9
:10d9fc00801f780012c0b30061c1b3000040eb007f
:10da0c001cf907008f87e90030ea2c00801f780092
:10da1c0012c0b300c1c2b3000040eb0015f90700ff
:10da2c008f87e9000080fa00000006000400fa006d
:10da3c00000f7800110798008200200091ea2c005a
:10da4c001e007800a9d107000000e0000a003a008f
:10da5c009e009000811f780020eb2c00801f780026
:10da6c0012c0b3008040eb00c0c3b30001f9070043
:10da7c00e48757001f00370042002000a1eb2c0068
:10da8c001e00780099d107000000e0000a003a005f
:10da9c009e009000811f780020eb2c00801f7800e6
:10daac0012c0b30061c1b300c0c3b300f1f80700ea
:10dabc00e48757000f00370042002000f1eb2c00e8
:10dacc001e00780089d107000000e00009003a0030
:10dadc009e009000811f780020eb2c00801f7800a6
:10daec0012c0b300c1c2b300c0c3b300e1f8070059
:10dafc00e48757000080fa00000006000200fa00dc
:10db0c00004f78001e80fb00801f780040ec2c003a
:10db1c00801f780000fe0700e48757001e80fb0082
:10db2c00801f780000ed2c00801f780012c0b3001d
:10db3c0061c3b3000040eb00cef80700e487570048
:10db4c000080fa00000006000200fa00004f780086
:10db5c001e80fb00801f7800f0ed2c00801f7800e9
:10db6c00edfd0700e48757001e80fb00801f780046
:10db7c00b0ee2c00801f780012c0b30061c3b3005c
:10db8c000040eb00bbf80700e48757000080fa0068
:10db9c00000006000000fa000c26ef000030200008
:10dbac001030880030382800003088000080fa00df
:10dbbc00000006000200fa00004f78001e80fb00f7
:10dbcc00403088000080fa00000006000000fa00d7
:10dbdc000000000011308000000028000080600070
:10dbec000000e000fbff3a0040308000004078006d
:10dbfc000080fa00000006000000fa0010308000df
:10dc0c004f00de00004078000080fa0000000600a3
:10dc1c000000fa0000042300203a88000080eb008a
:10dc2c00601988000080fa00000006000000fa006d
:10dc3c00f7ff07001b000700380007003b00070038
:10dc4c0076f60700edf2070049fb07003efc0700e3
:10dc5c00ddfd07005cff07008df607006ffb07007a
:10dc6c0064fc0700dffd0700fbff37000000fa0033
:10dc7c00e0408000f14080000080fa0000000600c7
:10dc8c000000fa00e0408000f1408000610040009c
:10dc9c00e0804800e0408800f14088000080fa00f5
:10dcac00000006000000fa0060e4260010000700e7
:08dcbc000080fa0000000600e0
:020000040000fa
:10dcc400f03fb1000180b10006003500ee03090009
:10dcd40000000000403fb1000180b100fbff3d00a7
:10dce4001000b000203fb0000200350000800900a1
:08dcf400000000000000060022
:020000040000fa
:10dcfc000200fa00000f78009e0078004141880075
:10dd0c0000022800f0088800a00f2000d00888002e
:10dd1c009760a8000080fa00000006000000fa00de
:10dd2c00d122a9000080fa00000006000000fa00d1
:0cdd3c00d102a9000080fa0000000600df
:00000001FF
